name,sku,category,price,compareAtPrice,stock,description,shortDescription,image_1,weight,status,featured
Pure Bhimseni Camphor (Kapur) Small,RAM-PS-001,Pooja Samagri,169,219,183,"Premium quality bhimseni camphor flakes, zero residue, leaves sacred aroma during aarti and havan rituals. Sourced from natural camphor trees.",100% pure organic bhimseni camphor for aarti,https://images.unsplash.com/photo-1609357605129-26f69add5d6e?w=800&auto=format&fit=crop&q=80,413,ACTIVE,true
Organic Cotton Wicks (Batti) Standard Count,RAM-PS-002,Pooja Samagri,249,309,276,Unbleached raw organic cotton wicks hand-rolled for perfect flame. Ideal for daily diya lighting in temples and home mandirs.,Hand-rolled pure cotton wicks for diyas,https://images.unsplash.com/photo-1608571423902-eed4a5ad8108?w=800&auto=format&fit=crop&q=80,178,ACTIVE,true
Premium Dhoop Sticks Premium Pack,RAM-PS-003,Pooja Samagri,359,419,397,Hand-rolled natural dhoop sticks made from pure herbs and essential oils. Bamboo-less for clean burning and spiritual ambiance.,Natural bamboo-less dhoop for meditation,https://images.unsplash.com/photo-1590249350651-28a2c5aa0de3?w=800&auto=format&fit=crop&q=80,160,ACTIVE,true
Pure Havan Samagri Jumbo,RAM-PS-004,Pooja Samagri,479,549,61,"Authentic havan samagri containing 51 sacred herbs including guggal, kapoor kachri, nagarmotha for Vedic fire rituals.",Traditional sacred fire ritual mixture,https://images.unsplash.com/photo-1604607053070-6ede2b4c6747?w=800&auto=format&fit=crop&q=80,636,ACTIVE,false
Kumkum Roli Chandan Tilak Set Artisan,RAM-PS-005,Pooja Samagri,299,349,225,Premium quality turmeric-derived roli kumkum with pure sandalwood paste and akshat rice for daily tilak and puja ceremonies.,Traditional tilak ceremony set,https://images.unsplash.com/photo-1609357605129-26f69add5d6e?w=800&auto=format&fit=crop&q=80,107,ACTIVE,false
Natural Cow Ghee Diya Oil Jumbo,RAM-PS-006,Pooja Samagri,219,259,31,100% pure A2 cow ghee specially filtered for diya lighting. Produces clean golden flame with divine fragrance.,Pure desi ghee for temple diyas,https://images.unsplash.com/photo-1608571423902-eed4a5ad8108?w=800&auto=format&fit=crop&q=80,754,ACTIVE,false
Sacred Gangajal (Ganga Water) Standard,RAM-PS-007,Pooja Samagri,249,279,68,"Authentic purified Gangajal from Haridwar ghat for abhishekam, griha pravesh, and all sacred Hindu rituals.",Holy Ganga river water for puja,https://images.unsplash.com/photo-1590249350651-28a2c5aa0de3?w=800&auto=format&fit=crop&q=80,361,ACTIVE,false
Sindoor Powder Traditional Jumbo,RAM-PS-008,Pooja Samagri,179,209,99,Premium quality natural sindoor made from turmeric and lime. Lead-free and safe for daily religious application.,Traditional vermillion powder,https://images.unsplash.com/photo-1604607053070-6ede2b4c6747?w=800&auto=format&fit=crop&q=80,81,ACTIVE,false
Akshat (Sacred Rice) Sacred Standard,RAM-PS-009,Pooja Samagri,69,89,381,"Premium quality turmeric-coloured unbroken rice grains for puja offerings, tilak ceremonies and religious rituals.",Coloured rice grains for puja offerings,https://images.unsplash.com/photo-1609357605129-26f69add5d6e?w=800&auto=format&fit=crop&q=80,144,ACTIVE,false
Panchamrit Mix Powder Compact,RAM-PS-010,Pooja Samagri,359,439,40,"Authentic panchamrit preparation powder containing dried milk, honey, curd, sugar and tulsi for deity abhishekam.",Five-nectar mixture for abhishekam,https://images.unsplash.com/photo-1608571423902-eed4a5ad8108?w=800&auto=format&fit=crop&q=80,199,ACTIVE,false
Navgraha Pooja Samagri Kit Deluxe,RAM-PS-011,Pooja Samagri,349,419,33,"Complete navgraha pooja kit with all 9 grains, coloured cloths, specific samagri items for each planetary deity.",Nine-planet ritual items collection,https://images.unsplash.com/photo-1590249350651-28a2c5aa0de3?w=800&auto=format&fit=crop&q=80,561,ACTIVE,false
Janeu (Sacred Thread) Handcrafted Set,RAM-PS-012,Pooja Samagri,69,99,354,Hand-spun pure cotton janeu sacred threads for Upanayana ceremony and daily religious observances.,Pure cotton sacred thread for ceremonies,https://images.unsplash.com/photo-1604607053070-6ede2b4c6747?w=800&auto=format&fit=crop&q=80,22,ACTIVE,false
Lobaan Guggal Resin Compact,RAM-PS-013,Pooja Samagri,339,459,77,Premium quality natural lobaan and guggal resin for burning in temple dhunachi. Purifies environment and creates devotional atmosphere.,Natural aromatic temple resin incense,https://images.unsplash.com/photo-1609357605129-26f69add5d6e?w=800&auto=format&fit=crop&q=80,176,ACTIVE,false
Kamal Gatta (Lotus Seeds) Mala Temple Grade,RAM-PS-014,Pooja Samagri,269,349,110,Natural dried lotus seeds strung on silk thread for Lakshmi puja jaap. Each seed symbolizes prosperity and divine grace.,Lotus seed prayer mala for Lakshmi puja,https://images.unsplash.com/photo-1608571423902-eed4a5ad8108?w=800&auto=format&fit=crop&q=80,43,ACTIVE,false
Pure Bhimseni Camphor (Kapur) Extra Large,RAM-PS-015,Pooja Samagri,319,389,201,"Premium quality bhimseni camphor flakes, zero residue, leaves sacred aroma during aarti and havan rituals. Sourced from natural camphor trees.",100% pure organic bhimseni camphor for aarti,https://images.unsplash.com/photo-1590249350651-28a2c5aa0de3?w=800&auto=format&fit=crop&q=80,283,ACTIVE,false
Organic Cotton Wicks (Batti) Medium Count,RAM-PS-016,Pooja Samagri,109,149,100,Unbleached raw organic cotton wicks hand-rolled for perfect flame. Ideal for daily diya lighting in temples and home mandirs.,Hand-rolled pure cotton wicks for diyas,https://images.unsplash.com/photo-1604607053070-6ede2b4c6747?w=800&auto=format&fit=crop&q=80,91,ACTIVE,false
Premium Dhoop Sticks Deluxe Pack,RAM-PS-017,Pooja Samagri,379,479,187,Hand-rolled natural dhoop sticks made from pure herbs and essential oils. Bamboo-less for clean burning and spiritual ambiance.,Natural bamboo-less dhoop for meditation,https://images.unsplash.com/photo-1609357605129-26f69add5d6e?w=800&auto=format&fit=crop&q=80,142,ACTIVE,false
Pure Havan Samagri Medium,RAM-PS-018,Pooja Samagri,709,869,124,"Authentic havan samagri containing 51 sacred herbs including guggal, kapoor kachri, nagarmotha for Vedic fire rituals.",Traditional sacred fire ritual mixture,https://images.unsplash.com/photo-1608571423902-eed4a5ad8108?w=800&auto=format&fit=crop&q=80,779,ACTIVE,false
Kumkum Roli Chandan Tilak Set Traditional,RAM-PS-019,Pooja Samagri,149,199,213,Premium quality turmeric-derived roli kumkum with pure sandalwood paste and akshat rice for daily tilak and puja ceremonies.,Traditional tilak ceremony set,https://images.unsplash.com/photo-1590249350651-28a2c5aa0de3?w=800&auto=format&fit=crop&q=80,172,ACTIVE,false
Natural Cow Ghee Diya Oil Large,RAM-PS-020,Pooja Samagri,639,799,60,100% pure A2 cow ghee specially filtered for diya lighting. Produces clean golden flame with divine fragrance.,Pure desi ghee for temple diyas,https://images.unsplash.com/photo-1604607053070-6ede2b4c6747?w=800&auto=format&fit=crop&q=80,596,ACTIVE,false
Sacred Gangajal (Ganga Water) Extra Large,RAM-PS-021,Pooja Samagri,199,259,90,"Authentic purified Gangajal from Haridwar ghat for abhishekam, griha pravesh, and all sacred Hindu rituals.",Holy Ganga river water for puja,https://images.unsplash.com/photo-1609357605129-26f69add5d6e?w=800&auto=format&fit=crop&q=80,494,ACTIVE,false
Sindoor Powder Premium Small,RAM-PS-022,Pooja Samagri,179,249,338,Premium quality natural sindoor made from turmeric and lime. Lead-free and safe for daily religious application.,Traditional vermillion powder,https://images.unsplash.com/photo-1608571423902-eed4a5ad8108?w=800&auto=format&fit=crop&q=80,25,ACTIVE,false
Akshat (Sacred Rice) Deluxe Large,RAM-PS-023,Pooja Samagri,99,129,170,"Premium quality turmeric-coloured unbroken rice grains for puja offerings, tilak ceremonies and religious rituals.",Coloured rice grains for puja offerings,https://images.unsplash.com/photo-1590249350651-28a2c5aa0de3?w=800&auto=format&fit=crop&q=80,201,ACTIVE,false
Panchamrit Mix Powder Standard,RAM-PS-024,Pooja Samagri,119,149,139,"Authentic panchamrit preparation powder containing dried milk, honey, curd, sugar and tulsi for deity abhishekam.",Five-nectar mixture for abhishekam,https://images.unsplash.com/photo-1604607053070-6ede2b4c6747?w=800&auto=format&fit=crop&q=80,152,ACTIVE,false
Navgraha Pooja Samagri Kit Premium,RAM-PS-025,Pooja Samagri,569,649,49,"Complete navgraha pooja kit with all 9 grains, coloured cloths, specific samagri items for each planetary deity.",Nine-planet ritual items collection,https://images.unsplash.com/photo-1609357605129-26f69add5d6e?w=800&auto=format&fit=crop&q=80,225,ACTIVE,false
Janeu (Sacred Thread) Heritage Set,RAM-PS-026,Pooja Samagri,39,59,228,Hand-spun pure cotton janeu sacred threads for Upanayana ceremony and daily religious observances.,Pure cotton sacred thread for ceremonies,https://images.unsplash.com/photo-1608571423902-eed4a5ad8108?w=800&auto=format&fit=crop&q=80,47,ACTIVE,false
Lobaan Guggal Resin Premium,RAM-PS-027,Pooja Samagri,239,309,139,Premium quality natural lobaan and guggal resin for burning in temple dhunachi. Purifies environment and creates devotional atmosphere.,Natural aromatic temple resin incense,https://images.unsplash.com/photo-1590249350651-28a2c5aa0de3?w=800&auto=format&fit=crop&q=80,382,ACTIVE,false
Kamal Gatta (Lotus Seeds) Mala Heritage,RAM-PS-028,Pooja Samagri,399,459,109,Natural dried lotus seeds strung on silk thread for Lakshmi puja jaap. Each seed symbolizes prosperity and divine grace.,Lotus seed prayer mala for Lakshmi puja,https://images.unsplash.com/photo-1604607053070-6ede2b4c6747?w=800&auto=format&fit=crop&q=80,66,ACTIVE,false
Pure Bhimseni Camphor (Kapur) Jumbo,RAM-PS-029,Pooja Samagri,129,149,108,"Premium quality bhimseni camphor flakes, zero residue, leaves sacred aroma during aarti and havan rituals. Sourced from natural camphor trees.",100% pure organic bhimseni camphor for aarti,https://images.unsplash.com/photo-1609357605129-26f69add5d6e?w=800&auto=format&fit=crop&q=80,69,ACTIVE,false
Organic Cotton Wicks (Batti) Extra Large Count,RAM-PS-030,Pooja Samagri,199,259,427,Unbleached raw organic cotton wicks hand-rolled for perfect flame. Ideal for daily diya lighting in temples and home mandirs.,Hand-rolled pure cotton wicks for diyas,https://images.unsplash.com/photo-1608571423902-eed4a5ad8108?w=800&auto=format&fit=crop&q=80,153,ACTIVE,false
Premium Dhoop Sticks Artisan Pack,RAM-PS-031,Pooja Samagri,119,139,83,Hand-rolled natural dhoop sticks made from pure herbs and essential oils. Bamboo-less for clean burning and spiritual ambiance.,Natural bamboo-less dhoop for meditation,https://images.unsplash.com/photo-1590249350651-28a2c5aa0de3?w=800&auto=format&fit=crop&q=80,261,ACTIVE,false
Pure Havan Samagri Standard,RAM-PS-032,Pooja Samagri,309,359,85,"Authentic havan samagri containing 51 sacred herbs including guggal, kapoor kachri, nagarmotha for Vedic fire rituals.",Traditional sacred fire ritual mixture,https://images.unsplash.com/photo-1604607053070-6ede2b4c6747?w=800&auto=format&fit=crop&q=80,733,ACTIVE,false
Kumkum Roli Chandan Tilak Set Royal,RAM-PS-033,Pooja Samagri,319,359,296,Premium quality turmeric-derived roli kumkum with pure sandalwood paste and akshat rice for daily tilak and puja ceremonies.,Traditional tilak ceremony set,https://images.unsplash.com/photo-1609357605129-26f69add5d6e?w=800&auto=format&fit=crop&q=80,125,ACTIVE,false
Natural Cow Ghee Diya Oil Extra Large,RAM-PS-034,Pooja Samagri,459,529,68,100% pure A2 cow ghee specially filtered for diya lighting. Produces clean golden flame with divine fragrance.,Pure desi ghee for temple diyas,https://images.unsplash.com/photo-1608571423902-eed4a5ad8108?w=800&auto=format&fit=crop&q=80,949,ACTIVE,false
Sacred Gangajal (Ganga Water) Medium,RAM-PS-035,Pooja Samagri,259,329,115,"Authentic purified Gangajal from Haridwar ghat for abhishekam, griha pravesh, and all sacred Hindu rituals.",Holy Ganga river water for puja,https://images.unsplash.com/photo-1590249350651-28a2c5aa0de3?w=800&auto=format&fit=crop&q=80,281,ACTIVE,false
Sindoor Powder Sacred Medium,RAM-PS-036,Pooja Samagri,89,119,360,Premium quality natural sindoor made from turmeric and lime. Lead-free and safe for daily religious application.,Traditional vermillion powder,https://images.unsplash.com/photo-1604607053070-6ede2b4c6747?w=800&auto=format&fit=crop&q=80,98,ACTIVE,false
Akshat (Sacred Rice) Royal Jumbo,RAM-PS-037,Pooja Samagri,119,169,206,"Premium quality turmeric-coloured unbroken rice grains for puja offerings, tilak ceremonies and religious rituals.",Coloured rice grains for puja offerings,https://images.unsplash.com/photo-1609357605129-26f69add5d6e?w=800&auto=format&fit=crop&q=80,99,ACTIVE,false
Panchamrit Mix Powder Extra Large,RAM-PS-038,Pooja Samagri,259,349,79,"Authentic panchamrit preparation powder containing dried milk, honey, curd, sugar and tulsi for deity abhishekam.",Five-nectar mixture for abhishekam,https://images.unsplash.com/photo-1608571423902-eed4a5ad8108?w=800&auto=format&fit=crop&q=80,88,ACTIVE,false
Navgraha Pooja Samagri Kit Traditional,RAM-PS-039,Pooja Samagri,809,989,67,"Complete navgraha pooja kit with all 9 grains, coloured cloths, specific samagri items for each planetary deity.",Nine-planet ritual items collection,https://images.unsplash.com/photo-1590249350651-28a2c5aa0de3?w=800&auto=format&fit=crop&q=80,665,ACTIVE,false
Janeu (Sacred Thread) Classic Set,RAM-PS-040,Pooja Samagri,89,119,325,Hand-spun pure cotton janeu sacred threads for Upanayana ceremony and daily religious observances.,Pure cotton sacred thread for ceremonies,https://images.unsplash.com/photo-1604607053070-6ede2b4c6747?w=800&auto=format&fit=crop&q=80,49,ACTIVE,false
Lobaan Guggal Resin Small,RAM-PS-041,Pooja Samagri,169,199,62,Premium quality natural lobaan and guggal resin for burning in temple dhunachi. Purifies environment and creates devotional atmosphere.,Natural aromatic temple resin incense,https://images.unsplash.com/photo-1609357605129-26f69add5d6e?w=800&auto=format&fit=crop&q=80,349,ACTIVE,false
Kamal Gatta (Lotus Seeds) Mala Premium,RAM-PS-042,Pooja Samagri,449,579,133,Natural dried lotus seeds strung on silk thread for Lakshmi puja jaap. Each seed symbolizes prosperity and divine grace.,Lotus seed prayer mala for Lakshmi puja,https://images.unsplash.com/photo-1608571423902-eed4a5ad8108?w=800&auto=format&fit=crop&q=80,72,ACTIVE,false
Pure Bhimseni Camphor (Kapur) Large,RAM-PS-043,Pooja Samagri,129,159,282,"Premium quality bhimseni camphor flakes, zero residue, leaves sacred aroma during aarti and havan rituals. Sourced from natural camphor trees.",100% pure organic bhimseni camphor for aarti,https://images.unsplash.com/photo-1590249350651-28a2c5aa0de3?w=800&auto=format&fit=crop&q=80,483,ACTIVE,false
Organic Cotton Wicks (Batti) Jumbo Count,RAM-PS-044,Pooja Samagri,119,149,369,Unbleached raw organic cotton wicks hand-rolled for perfect flame. Ideal for daily diya lighting in temples and home mandirs.,Hand-rolled pure cotton wicks for diyas,https://images.unsplash.com/photo-1604607053070-6ede2b4c6747?w=800&auto=format&fit=crop&q=80,154,ACTIVE,false
Premium Dhoop Sticks Traditional Pack,RAM-PS-045,Pooja Samagri,349,399,86,Hand-rolled natural dhoop sticks made from pure herbs and essential oils. Bamboo-less for clean burning and spiritual ambiance.,Natural bamboo-less dhoop for meditation,https://images.unsplash.com/photo-1609357605129-26f69add5d6e?w=800&auto=format&fit=crop&q=80,158,ACTIVE,false
Pure Havan Samagri Premium,RAM-PS-046,Pooja Samagri,309,389,112,"Authentic havan samagri containing 51 sacred herbs including guggal, kapoor kachri, nagarmotha for Vedic fire rituals.",Traditional sacred fire ritual mixture,https://images.unsplash.com/photo-1608571423902-eed4a5ad8108?w=800&auto=format&fit=crop&q=80,820,ACTIVE,false
Kumkum Roli Chandan Tilak Set Sacred,RAM-PS-047,Pooja Samagri,269,339,129,Premium quality turmeric-derived roli kumkum with pure sandalwood paste and akshat rice for daily tilak and puja ceremonies.,Traditional tilak ceremony set,https://images.unsplash.com/photo-1590249350651-28a2c5aa0de3?w=800&auto=format&fit=crop&q=80,65,ACTIVE,false
Natural Cow Ghee Diya Oil Small,RAM-PS-048,Pooja Samagri,429,509,85,100% pure A2 cow ghee specially filtered for diya lighting. Produces clean golden flame with divine fragrance.,Pure desi ghee for temple diyas,https://images.unsplash.com/photo-1604607053070-6ede2b4c6747?w=800&auto=format&fit=crop&q=80,746,ACTIVE,false
Sacred Gangajal (Ganga Water) Small,RAM-PS-049,Pooja Samagri,339,389,150,"Authentic purified Gangajal from Haridwar ghat for abhishekam, griha pravesh, and all sacred Hindu rituals.",Holy Ganga river water for puja,https://images.unsplash.com/photo-1609357605129-26f69add5d6e?w=800&auto=format&fit=crop&q=80,209,ACTIVE,false
Sindoor Powder Heritage Large,RAM-PS-050,Pooja Samagri,149,189,259,Premium quality natural sindoor made from turmeric and lime. Lead-free and safe for daily religious application.,Traditional vermillion powder,https://images.unsplash.com/photo-1608571423902-eed4a5ad8108?w=800&auto=format&fit=crop&q=80,93,ACTIVE,false
Akshat (Sacred Rice) Handcrafted Medium,RAM-PS-051,Pooja Samagri,89,99,299,"Premium quality turmeric-coloured unbroken rice grains for puja offerings, tilak ceremonies and religious rituals.",Coloured rice grains for puja offerings,https://images.unsplash.com/photo-1590249350651-28a2c5aa0de3?w=800&auto=format&fit=crop&q=80,147,ACTIVE,false
Panchamrit Mix Powder Small,RAM-PS-052,Pooja Samagri,289,389,186,"Authentic panchamrit preparation powder containing dried milk, honey, curd, sugar and tulsi for deity abhishekam.",Five-nectar mixture for abhishekam,https://images.unsplash.com/photo-1604607053070-6ede2b4c6747?w=800&auto=format&fit=crop&q=80,95,ACTIVE,false
Navgraha Pooja Samagri Kit Artisan,RAM-PS-053,Pooja Samagri,629,719,74,"Complete navgraha pooja kit with all 9 grains, coloured cloths, specific samagri items for each planetary deity.",Nine-planet ritual items collection,https://images.unsplash.com/photo-1609357605129-26f69add5d6e?w=800&auto=format&fit=crop&q=80,218,ACTIVE,false
Janeu (Sacred Thread) Traditional Set,RAM-PS-054,Pooja Samagri,89,99,275,Hand-spun pure cotton janeu sacred threads for Upanayana ceremony and daily religious observances.,Pure cotton sacred thread for ceremonies,https://images.unsplash.com/photo-1608571423902-eed4a5ad8108?w=800&auto=format&fit=crop&q=80,33,ACTIVE,false
Lobaan Guggal Resin Medium,RAM-PS-055,Pooja Samagri,169,219,59,Premium quality natural lobaan and guggal resin for burning in temple dhunachi. Purifies environment and creates devotional atmosphere.,Natural aromatic temple resin incense,https://images.unsplash.com/photo-1590249350651-28a2c5aa0de3?w=800&auto=format&fit=crop&q=80,276,ACTIVE,false
Kamal Gatta (Lotus Seeds) Mala Royal,RAM-PS-056,Pooja Samagri,299,399,118,Natural dried lotus seeds strung on silk thread for Lakshmi puja jaap. Each seed symbolizes prosperity and divine grace.,Lotus seed prayer mala for Lakshmi puja,https://images.unsplash.com/photo-1604607053070-6ede2b4c6747?w=800&auto=format&fit=crop&q=80,81,ACTIVE,false
Pure Bhimseni Camphor (Kapur) Premium,RAM-PS-057,Pooja Samagri,599,719,266,"Premium quality bhimseni camphor flakes, zero residue, leaves sacred aroma during aarti and havan rituals. Sourced from natural camphor trees.",100% pure organic bhimseni camphor for aarti,https://images.unsplash.com/photo-1609357605129-26f69add5d6e?w=800&auto=format&fit=crop&q=80,380,ACTIVE,false
Organic Cotton Wicks (Batti) Premium Count,RAM-PS-058,Pooja Samagri,119,159,325,Unbleached raw organic cotton wicks hand-rolled for perfect flame. Ideal for daily diya lighting in temples and home mandirs.,Hand-rolled pure cotton wicks for diyas,https://images.unsplash.com/photo-1608571423902-eed4a5ad8108?w=800&auto=format&fit=crop&q=80,120,ACTIVE,false
Premium Dhoop Sticks Heritage Pack,RAM-PS-059,Pooja Samagri,149,199,322,Hand-rolled natural dhoop sticks made from pure herbs and essential oils. Bamboo-less for clean burning and spiritual ambiance.,Natural bamboo-less dhoop for meditation,https://images.unsplash.com/photo-1590249350651-28a2c5aa0de3?w=800&auto=format&fit=crop&q=80,209,ACTIVE,false
Pure Havan Samagri Small,RAM-PS-060,Pooja Samagri,459,549,199,"Authentic havan samagri containing 51 sacred herbs including guggal, kapoor kachri, nagarmotha for Vedic fire rituals.",Traditional sacred fire ritual mixture,https://images.unsplash.com/photo-1604607053070-6ede2b4c6747?w=800&auto=format&fit=crop&q=80,105,ACTIVE,false
Kumkum Roli Chandan Tilak Set Temple Grade,RAM-PS-061,Pooja Samagri,339,419,74,Premium quality turmeric-derived roli kumkum with pure sandalwood paste and akshat rice for daily tilak and puja ceremonies.,Traditional tilak ceremony set,https://images.unsplash.com/photo-1609357605129-26f69add5d6e?w=800&auto=format&fit=crop&q=80,64,ACTIVE,false
Natural Cow Ghee Diya Oil Compact,RAM-PS-062,Pooja Samagri,349,439,80,100% pure A2 cow ghee specially filtered for diya lighting. Produces clean golden flame with divine fragrance.,Pure desi ghee for temple diyas,https://images.unsplash.com/photo-1608571423902-eed4a5ad8108?w=800&auto=format&fit=crop&q=80,704,ACTIVE,false
Sacred Gangajal (Ganga Water) Jumbo,RAM-PS-063,Pooja Samagri,449,549,155,"Authentic purified Gangajal from Haridwar ghat for abhishekam, griha pravesh, and all sacred Hindu rituals.",Holy Ganga river water for puja,https://images.unsplash.com/photo-1590249350651-28a2c5aa0de3?w=800&auto=format&fit=crop&q=80,307,ACTIVE,false
Sindoor Powder Sacred Compact,RAM-PS-064,Pooja Samagri,199,249,388,Premium quality natural sindoor made from turmeric and lime. Lead-free and safe for daily religious application.,Traditional vermillion powder,https://images.unsplash.com/photo-1604607053070-6ede2b4c6747?w=800&auto=format&fit=crop&q=80,90,ACTIVE,false
Akshat (Sacred Rice) Artisan Large,RAM-PS-065,Pooja Samagri,139,159,234,"Premium quality turmeric-coloured unbroken rice grains for puja offerings, tilak ceremonies and religious rituals.",Coloured rice grains for puja offerings,https://images.unsplash.com/photo-1609357605129-26f69add5d6e?w=800&auto=format&fit=crop&q=80,66,ACTIVE,false
Panchamrit Mix Powder Large,RAM-PS-066,Pooja Samagri,279,349,72,"Authentic panchamrit preparation powder containing dried milk, honey, curd, sugar and tulsi for deity abhishekam.",Five-nectar mixture for abhishekam,https://images.unsplash.com/photo-1608571423902-eed4a5ad8108?w=800&auto=format&fit=crop&q=80,83,ACTIVE,false
Navgraha Pooja Samagri Kit Temple Grade,RAM-PS-067,Pooja Samagri,789,1019,38,"Complete navgraha pooja kit with all 9 grains, coloured cloths, specific samagri items for each planetary deity.",Nine-planet ritual items collection,https://images.unsplash.com/photo-1590249350651-28a2c5aa0de3?w=800&auto=format&fit=crop&q=80,751,ACTIVE,false
Janeu (Sacred Thread) Temple Grade Set,RAM-PS-068,Pooja Samagri,49,59,195,Hand-spun pure cotton janeu sacred threads for Upanayana ceremony and daily religious observances.,Pure cotton sacred thread for ceremonies,https://images.unsplash.com/photo-1604607053070-6ede2b4c6747?w=800&auto=format&fit=crop&q=80,40,ACTIVE,false
Lobaan Guggal Resin Large,RAM-PS-069,Pooja Samagri,459,619,103,Premium quality natural lobaan and guggal resin for burning in temple dhunachi. Purifies environment and creates devotional atmosphere.,Natural aromatic temple resin incense,https://images.unsplash.com/photo-1609357605129-26f69add5d6e?w=800&auto=format&fit=crop&q=80,494,ACTIVE,false
Kamal Gatta (Lotus Seeds) Mala Deluxe,RAM-PS-070,Pooja Samagri,529,679,81,Natural dried lotus seeds strung on silk thread for Lakshmi puja jaap. Each seed symbolizes prosperity and divine grace.,Lotus seed prayer mala for Lakshmi puja,https://images.unsplash.com/photo-1608571423902-eed4a5ad8108?w=800&auto=format&fit=crop&q=80,55,ACTIVE,false
Heavy Brass Pooja Thali Set Jumbo Inch,RAM-PTA-001,Pooja Thali & Accessories,669,769,66,"Premium heavy-gauge handcrafted brass thali set with matching diya holder, agarbatti stand, kumkum container and bell. Perfect for daily aarti.",Handcrafted solid brass pooja thali,https://images.unsplash.com/photo-1609357605129-26f69add5d6e?w=800&auto=format&fit=crop&q=80,536,ACTIVE,true
German Silver Pooja Thali Standard Inch,RAM-PTA-002,Pooja Thali & Accessories,2279,3059,55,Lustrous German silver plated pooja thali with intricate peacock and floral motifs. Includes matching accessories.,Elegant German silver aarti plate,https://images.unsplash.com/photo-1571406252241-db0280bd36cd?w=800&auto=format&fit=crop&q=80,419,ACTIVE,true
Pure Copper Pooja Thali Set Premium Inch,RAM-PTA-003,Pooja Thali & Accessories,1689,2169,17,"Seamless pure copper pooja thali set with antimicrobial properties. Includes copper diya, kalash, and spoon.",Ayurvedic-grade copper ritual plate,https://images.unsplash.com/photo-1590249350651-28a2c5aa0de3?w=800&auto=format&fit=crop&q=80,816,ACTIVE,true
Stainless Steel Pooja Thali Premium Premium Inch,RAM-PTA-004,Pooja Thali & Accessories,639,849,42,Heavy-duty mirror-polished stainless steel pooja thali with laser-etched Om motif. Rust-proof and easy maintenance.,Mirror-finish stainless steel thali,https://images.unsplash.com/photo-1609357605129-26f69add5d6e?w=800&auto=format&fit=crop&q=80,514,ACTIVE,false
Brass Aarti Diya Temple Grade Wick,RAM-PTA-005,Pooja Thali & Accessories,819,959,123,Hand-carved brass aarti diya lamp with Premium cotton wick holders. Produces bright stable flames for evening aarti.,Traditional multi-wick brass aarti lamp,https://images.unsplash.com/photo-1571406252241-db0280bd36cd?w=800&auto=format&fit=crop&q=80,688,ACTIVE,false
Pooja Thali Katori Set Classic Piece,RAM-PTA-006,Pooja Thali & Accessories,629,709,43,"Set of miniature brass katoris for holding kumkum, chandan, akshat, sindoor, and haldi during pooja rituals.",Small brass bowls for offerings,https://images.unsplash.com/photo-1590249350651-28a2c5aa0de3?w=800&auto=format&fit=crop&q=80,204,ACTIVE,false
Brass Agarbatti Stand Handcrafted,RAM-PTA-007,Pooja Thali & Accessories,449,569,83,Decorative brass incense stick holder with ash collection tray and intricate temple motifs. Holds multiple agarbattis.,Ornate incense stick holder,https://images.unsplash.com/photo-1609357605129-26f69add5d6e?w=800&auto=format&fit=crop&q=80,300,ACTIVE,false
Silver Plated Achmani Spoon Handcrafted,RAM-PTA-008,Pooja Thali & Accessories,169,209,133,Elegant silver-plated brass achmani spoon for offering sacred water during abhishekam and other puja rituals.,Ritual spoon for holy water,https://images.unsplash.com/photo-1571406252241-db0280bd36cd?w=800&auto=format&fit=crop&q=80,33,ACTIVE,false
Brass Camphor Burner (Kapoor Dani) Temple Grade,RAM-PTA-009,Pooja Thali & Accessories,799,1079,89,Ornate brass kapoor dani with heat-resistant wooden handle. Features lotus design and controlled air flow for even burning.,Decorative camphor burner with handle,https://images.unsplash.com/photo-1590249350651-28a2c5aa0de3?w=800&auto=format&fit=crop&q=80,238,ACTIVE,false
Panch Patra Set Brass Deluxe,RAM-PTA-010,Pooja Thali & Accessories,969,1279,30,"Traditional brass panch patra set with achmani spoon for offering water, milk, curd, honey and ghee during puja.",Five-vessel ritual water set,https://images.unsplash.com/photo-1609357605129-26f69add5d6e?w=800&auto=format&fit=crop&q=80,179,ACTIVE,false
Heavy Brass Pooja Thali Set Large Inch,RAM-PTA-011,Pooja Thali & Accessories,749,879,79,"Premium heavy-gauge handcrafted brass thali set with matching diya holder, agarbatti stand, kumkum container and bell. Perfect for daily aarti.",Handcrafted solid brass pooja thali,https://images.unsplash.com/photo-1571406252241-db0280bd36cd?w=800&auto=format&fit=crop&q=80,1234,ACTIVE,false
German Silver Pooja Thali Jumbo Inch,RAM-PTA-012,Pooja Thali & Accessories,1179,1429,88,Lustrous German silver plated pooja thali with intricate peacock and floral motifs. Includes matching accessories.,Elegant German silver aarti plate,https://images.unsplash.com/photo-1590249350651-28a2c5aa0de3?w=800&auto=format&fit=crop&q=80,314,ACTIVE,false
Pure Copper Pooja Thali Set Standard Inch,RAM-PTA-013,Pooja Thali & Accessories,979,1229,38,"Seamless pure copper pooja thali set with antimicrobial properties. Includes copper diya, kalash, and spoon.",Ayurvedic-grade copper ritual plate,https://images.unsplash.com/photo-1609357605129-26f69add5d6e?w=800&auto=format&fit=crop&q=80,433,ACTIVE,false
Stainless Steel Pooja Thali Premium Extra Large Inch,RAM-PTA-014,Pooja Thali & Accessories,1439,1629,98,Heavy-duty mirror-polished stainless steel pooja thali with laser-etched Om motif. Rust-proof and easy maintenance.,Mirror-finish stainless steel thali,https://images.unsplash.com/photo-1571406252241-db0280bd36cd?w=800&auto=format&fit=crop&q=80,746,ACTIVE,false
Brass Aarti Diya Deluxe Wick,RAM-PTA-015,Pooja Thali & Accessories,1199,1349,117,Hand-carved brass aarti diya lamp with Traditional cotton wick holders. Produces bright stable flames for evening aarti.,Traditional multi-wick brass aarti lamp,https://images.unsplash.com/photo-1590249350651-28a2c5aa0de3?w=800&auto=format&fit=crop&q=80,697,ACTIVE,false
Pooja Thali Katori Set Temple Grade Piece,RAM-PTA-016,Pooja Thali & Accessories,669,799,116,"Set of miniature brass katoris for holding kumkum, chandan, akshat, sindoor, and haldi during pooja rituals.",Small brass bowls for offerings,https://images.unsplash.com/photo-1609357605129-26f69add5d6e?w=800&auto=format&fit=crop&q=80,349,ACTIVE,false
Brass Agarbatti Stand Sacred,RAM-PTA-017,Pooja Thali & Accessories,459,599,172,Decorative brass incense stick holder with ash collection tray and intricate temple motifs. Holds multiple agarbattis.,Ornate incense stick holder,https://images.unsplash.com/photo-1571406252241-db0280bd36cd?w=800&auto=format&fit=crop&q=80,230,ACTIVE,false
Silver Plated Achmani Spoon Classic,RAM-PTA-018,Pooja Thali & Accessories,309,399,127,Elegant silver-plated brass achmani spoon for offering sacred water during abhishekam and other puja rituals.,Ritual spoon for holy water,https://images.unsplash.com/photo-1590249350651-28a2c5aa0de3?w=800&auto=format&fit=crop&q=80,52,ACTIVE,false
Brass Camphor Burner (Kapoor Dani) Artisan,RAM-PTA-019,Pooja Thali & Accessories,589,719,94,Ornate brass kapoor dani with heat-resistant wooden handle. Features lotus design and controlled air flow for even burning.,Decorative camphor burner with handle,https://images.unsplash.com/photo-1609357605129-26f69add5d6e?w=800&auto=format&fit=crop&q=80,115,ACTIVE,false
Panch Patra Set Brass Handcrafted,RAM-PTA-020,Pooja Thali & Accessories,769,1019,31,"Traditional brass panch patra set with achmani spoon for offering water, milk, curd, honey and ghee during puja.",Five-vessel ritual water set,https://images.unsplash.com/photo-1571406252241-db0280bd36cd?w=800&auto=format&fit=crop&q=80,273,ACTIVE,false
Heavy Brass Pooja Thali Set Small Inch,RAM-PTA-021,Pooja Thali & Accessories,2979,3879,20,"Premium heavy-gauge handcrafted brass thali set with matching diya holder, agarbatti stand, kumkum container and bell. Perfect for daily aarti.",Handcrafted solid brass pooja thali,https://images.unsplash.com/photo-1590249350651-28a2c5aa0de3?w=800&auto=format&fit=crop&q=80,1200,ACTIVE,false
German Silver Pooja Thali Compact Inch,RAM-PTA-022,Pooja Thali & Accessories,2109,2429,87,Lustrous German silver plated pooja thali with intricate peacock and floral motifs. Includes matching accessories.,Elegant German silver aarti plate,https://images.unsplash.com/photo-1609357605129-26f69add5d6e?w=800&auto=format&fit=crop&q=80,618,ACTIVE,false
Pure Copper Pooja Thali Set Large Inch,RAM-PTA-023,Pooja Thali & Accessories,2299,2689,25,"Seamless pure copper pooja thali set with antimicrobial properties. Includes copper diya, kalash, and spoon.",Ayurvedic-grade copper ritual plate,https://images.unsplash.com/photo-1571406252241-db0280bd36cd?w=800&auto=format&fit=crop&q=80,717,ACTIVE,false
Stainless Steel Pooja Thali Premium Jumbo Inch,RAM-PTA-024,Pooja Thali & Accessories,1199,1579,53,Heavy-duty mirror-polished stainless steel pooja thali with laser-etched Om motif. Rust-proof and easy maintenance.,Mirror-finish stainless steel thali,https://images.unsplash.com/photo-1590249350651-28a2c5aa0de3?w=800&auto=format&fit=crop&q=80,567,ACTIVE,false
Brass Aarti Diya Royal Wick,RAM-PTA-025,Pooja Thali & Accessories,1019,1149,111,Hand-carved brass aarti diya lamp with Handcrafted cotton wick holders. Produces bright stable flames for evening aarti.,Traditional multi-wick brass aarti lamp,https://images.unsplash.com/photo-1609357605129-26f69add5d6e?w=800&auto=format&fit=crop&q=80,392,ACTIVE,false
Pooja Thali Katori Set Handcrafted Piece,RAM-PTA-026,Pooja Thali & Accessories,419,529,50,"Set of miniature brass katoris for holding kumkum, chandan, akshat, sindoor, and haldi during pooja rituals.",Small brass bowls for offerings,https://images.unsplash.com/photo-1571406252241-db0280bd36cd?w=800&auto=format&fit=crop&q=80,261,ACTIVE,false
Brass Agarbatti Stand Heritage,RAM-PTA-027,Pooja Thali & Accessories,479,589,45,Decorative brass incense stick holder with ash collection tray and intricate temple motifs. Holds multiple agarbattis.,Ornate incense stick holder,https://images.unsplash.com/photo-1590249350651-28a2c5aa0de3?w=800&auto=format&fit=crop&q=80,101,ACTIVE,false
Silver Plated Achmani Spoon Premium,RAM-PTA-028,Pooja Thali & Accessories,299,409,163,Elegant silver-plated brass achmani spoon for offering sacred water during abhishekam and other puja rituals.,Ritual spoon for holy water,https://images.unsplash.com/photo-1609357605129-26f69add5d6e?w=800&auto=format&fit=crop&q=80,41,ACTIVE,false
Brass Camphor Burner (Kapoor Dani) Sacred,RAM-PTA-029,Pooja Thali & Accessories,329,439,84,Ornate brass kapoor dani with heat-resistant wooden handle. Features lotus design and controlled air flow for even burning.,Decorative camphor burner with handle,https://images.unsplash.com/photo-1571406252241-db0280bd36cd?w=800&auto=format&fit=crop&q=80,175,ACTIVE,false
Panch Patra Set Brass Sacred,RAM-PTA-030,Pooja Thali & Accessories,1169,1479,47,"Traditional brass panch patra set with achmani spoon for offering water, milk, curd, honey and ghee during puja.",Five-vessel ritual water set,https://images.unsplash.com/photo-1590249350651-28a2c5aa0de3?w=800&auto=format&fit=crop&q=80,183,ACTIVE,false
Heavy Brass Pooja Thali Set Premium Inch,RAM-PTA-031,Pooja Thali & Accessories,3709,4199,44,"Premium heavy-gauge handcrafted brass thali set with matching diya holder, agarbatti stand, kumkum container and bell. Perfect for daily aarti.",Handcrafted solid brass pooja thali,https://images.unsplash.com/photo-1609357605129-26f69add5d6e?w=800&auto=format&fit=crop&q=80,792,ACTIVE,false
German Silver Pooja Thali Large Inch,RAM-PTA-032,Pooja Thali & Accessories,2059,2579,91,Lustrous German silver plated pooja thali with intricate peacock and floral motifs. Includes matching accessories.,Elegant German silver aarti plate,https://images.unsplash.com/photo-1571406252241-db0280bd36cd?w=800&auto=format&fit=crop&q=80,759,ACTIVE,false
Pure Copper Pooja Thali Set Jumbo Inch,RAM-PTA-033,Pooja Thali & Accessories,949,1209,60,"Seamless pure copper pooja thali set with antimicrobial properties. Includes copper diya, kalash, and spoon.",Ayurvedic-grade copper ritual plate,https://images.unsplash.com/photo-1590249350651-28a2c5aa0de3?w=800&auto=format&fit=crop&q=80,580,ACTIVE,false
Stainless Steel Pooja Thali Premium Large Inch,RAM-PTA-034,Pooja Thali & Accessories,599,699,62,Heavy-duty mirror-polished stainless steel pooja thali with laser-etched Om motif. Rust-proof and easy maintenance.,Mirror-finish stainless steel thali,https://images.unsplash.com/photo-1609357605129-26f69add5d6e?w=800&auto=format&fit=crop&q=80,828,ACTIVE,false
Brass Aarti Diya Premium Wick,RAM-PTA-035,Pooja Thali & Accessories,759,959,62,Hand-carved brass aarti diya lamp with Sacred cotton wick holders. Produces bright stable flames for evening aarti.,Traditional multi-wick brass aarti lamp,https://images.unsplash.com/photo-1571406252241-db0280bd36cd?w=800&auto=format&fit=crop&q=80,549,ACTIVE,false
Pooja Thali Katori Set Traditional Piece,RAM-PTA-036,Pooja Thali & Accessories,519,669,81,"Set of miniature brass katoris for holding kumkum, chandan, akshat, sindoor, and haldi during pooja rituals.",Small brass bowls for offerings,https://images.unsplash.com/photo-1590249350651-28a2c5aa0de3?w=800&auto=format&fit=crop&q=80,324,ACTIVE,false
Brass Agarbatti Stand Temple Grade,RAM-PTA-037,Pooja Thali & Accessories,639,849,45,Decorative brass incense stick holder with ash collection tray and intricate temple motifs. Holds multiple agarbattis.,Ornate incense stick holder,https://images.unsplash.com/photo-1609357605129-26f69add5d6e?w=800&auto=format&fit=crop&q=80,139,ACTIVE,false
Silver Plated Achmani Spoon Royal,RAM-PTA-038,Pooja Thali & Accessories,279,349,101,Elegant silver-plated brass achmani spoon for offering sacred water during abhishekam and other puja rituals.,Ritual spoon for holy water,https://images.unsplash.com/photo-1571406252241-db0280bd36cd?w=800&auto=format&fit=crop&q=80,95,ACTIVE,false
Brass Camphor Burner (Kapoor Dani) Deluxe,RAM-PTA-039,Pooja Thali & Accessories,289,369,25,Ornate brass kapoor dani with heat-resistant wooden handle. Features lotus design and controlled air flow for even burning.,Decorative camphor burner with handle,https://images.unsplash.com/photo-1590249350651-28a2c5aa0de3?w=800&auto=format&fit=crop&q=80,174,ACTIVE,false
Panch Patra Set Brass Royal,RAM-PTA-040,Pooja Thali & Accessories,1289,1459,31,"Traditional brass panch patra set with achmani spoon for offering water, milk, curd, honey and ghee during puja.",Five-vessel ritual water set,https://images.unsplash.com/photo-1609357605129-26f69add5d6e?w=800&auto=format&fit=crop&q=80,485,ACTIVE,false
Heavy Brass Pooja Thali Set Standard Inch,RAM-PTA-041,Pooja Thali & Accessories,2969,3839,74,"Premium heavy-gauge handcrafted brass thali set with matching diya holder, agarbatti stand, kumkum container and bell. Perfect for daily aarti.",Handcrafted solid brass pooja thali,https://images.unsplash.com/photo-1571406252241-db0280bd36cd?w=800&auto=format&fit=crop&q=80,806,ACTIVE,false
German Silver Pooja Thali Medium Inch,RAM-PTA-042,Pooja Thali & Accessories,2499,2849,50,Lustrous German silver plated pooja thali with intricate peacock and floral motifs. Includes matching accessories.,Elegant German silver aarti plate,https://images.unsplash.com/photo-1590249350651-28a2c5aa0de3?w=800&auto=format&fit=crop&q=80,1173,ACTIVE,false
Pure Copper Pooja Thali Set Extra Large Inch,RAM-PTA-043,Pooja Thali & Accessories,1889,2389,66,"Seamless pure copper pooja thali set with antimicrobial properties. Includes copper diya, kalash, and spoon.",Ayurvedic-grade copper ritual plate,https://images.unsplash.com/photo-1609357605129-26f69add5d6e?w=800&auto=format&fit=crop&q=80,672,ACTIVE,false
Stainless Steel Pooja Thali Premium Standard Inch,RAM-PTA-044,Pooja Thali & Accessories,1299,1559,56,Heavy-duty mirror-polished stainless steel pooja thali with laser-etched Om motif. Rust-proof and easy maintenance.,Mirror-finish stainless steel thali,https://images.unsplash.com/photo-1571406252241-db0280bd36cd?w=800&auto=format&fit=crop&q=80,291,ACTIVE,false
Brass Aarti Diya Artisan Wick,RAM-PTA-045,Pooja Thali & Accessories,279,329,49,Hand-carved brass aarti diya lamp with Classic cotton wick holders. Produces bright stable flames for evening aarti.,Traditional multi-wick brass aarti lamp,https://images.unsplash.com/photo-1590249350651-28a2c5aa0de3?w=800&auto=format&fit=crop&q=80,438,ACTIVE,false
Pooja Thali Katori Set Premium Piece,RAM-PTA-046,Pooja Thali & Accessories,649,779,98,"Set of miniature brass katoris for holding kumkum, chandan, akshat, sindoor, and haldi during pooja rituals.",Small brass bowls for offerings,https://images.unsplash.com/photo-1609357605129-26f69add5d6e?w=800&auto=format&fit=crop&q=80,339,ACTIVE,false
Brass Agarbatti Stand Artisan,RAM-PTA-047,Pooja Thali & Accessories,399,529,144,Decorative brass incense stick holder with ash collection tray and intricate temple motifs. Holds multiple agarbattis.,Ornate incense stick holder,https://images.unsplash.com/photo-1571406252241-db0280bd36cd?w=800&auto=format&fit=crop&q=80,318,ACTIVE,false
Silver Plated Achmani Spoon Sacred,RAM-PTA-048,Pooja Thali & Accessories,259,329,105,Elegant silver-plated brass achmani spoon for offering sacred water during abhishekam and other puja rituals.,Ritual spoon for holy water,https://images.unsplash.com/photo-1590249350651-28a2c5aa0de3?w=800&auto=format&fit=crop&q=80,66,ACTIVE,false
Brass Camphor Burner (Kapoor Dani) Classic,RAM-PTA-049,Pooja Thali & Accessories,269,329,97,Ornate brass kapoor dani with heat-resistant wooden handle. Features lotus design and controlled air flow for even burning.,Decorative camphor burner with handle,https://images.unsplash.com/photo-1609357605129-26f69add5d6e?w=800&auto=format&fit=crop&q=80,238,ACTIVE,false
Panch Patra Set Brass Heritage,RAM-PTA-050,Pooja Thali & Accessories,409,549,26,"Traditional brass panch patra set with achmani spoon for offering water, milk, curd, honey and ghee during puja.",Five-vessel ritual water set,https://images.unsplash.com/photo-1571406252241-db0280bd36cd?w=800&auto=format&fit=crop&q=80,433,ACTIVE,false
Handmade Toran Door Hanging Handcrafted,RAM-TD-001,Temple Decoration,1399,1889,35,"Beautifully handcrafted toran with mango leaves, marigold motifs and mirror work. Brings auspiciousness to entrance doorways.",Auspicious door decoration toran,https://images.unsplash.com/photo-1545232979-fbf5d96b1b44?w=800&auto=format&fit=crop&q=80,232,ACTIVE,true
LED Temple Light String Medium Meter,RAM-TD-002,Temple Decoration,219,269,165,Dimmable warm golden LED fairy lights specially designed for home temple illumination. Low power consumption with long life.,Warm golden LED lights for mandir,https://images.unsplash.com/photo-1604607053070-6ede2b4c6747?w=800&auto=format&fit=crop&q=80,67,ACTIVE,true
Artificial Marigold Garland Traditional Feet,RAM-TD-003,Temple Decoration,159,179,80,Premium artificial marigold garland with realistic texture and vibrant color. Reusable for years of festival celebrations.,Silk flower garland for decoration,https://images.unsplash.com/photo-1605649461121-e82138c51b7e?w=800&auto=format&fit=crop&q=80,107,ACTIVE,true
Brass Temple Hanging Diya Artisan,RAM-TD-004,Temple Decoration,359,449,42,Decorative brass hanging diya with peacock chain design. Creates beautiful ambiance when lit during evening aarti.,Ornamental hanging oil lamp,https://images.unsplash.com/photo-1545232979-fbf5d96b1b44?w=800&auto=format&fit=crop&q=80,262,ACTIVE,false
Velvet Singhasan Throne Jumbo Inch,RAM-TD-005,Temple Decoration,569,759,48,Rich velvet-covered singhasan with golden zardozi embroidery and cushion for deity seating. Perfect for home mandir.,Deity throne with zardozi work,https://images.unsplash.com/photo-1604607053070-6ede2b4c6747?w=800&auto=format&fit=crop&q=80,784,ACTIVE,false
Temple Pillar Decoration Set Premium,RAM-TD-006,Temple Decoration,1629,1849,24,Ornate miniature temple pillar set with carved floral patterns for enhancing home mandir aesthetics.,Miniature pillar mandir accessories,https://images.unsplash.com/photo-1605649461121-e82138c51b7e?w=800&auto=format&fit=crop&q=80,1294,ACTIVE,false
Brass Akhand Jyoti Stand Premium,RAM-TD-007,Temple Decoration,2749,3549,60,Heavy brass akhand jyoti lamp with large oil reservoir for continuous burning. Designed for temple sanctum use.,Eternal flame oil lamp stand,https://images.unsplash.com/photo-1545232979-fbf5d96b1b44?w=800&auto=format&fit=crop&q=80,840,ACTIVE,false
Stone Carved Deity Backdrop Deluxe,RAM-TD-008,Temple Decoration,6389,7289,21,Intricately hand-carved soapstone deity backdrop with traditional South Indian temple architecture motifs.,Carved stone temple backdrop panel,https://images.unsplash.com/photo-1604607053070-6ede2b4c6747?w=800&auto=format&fit=crop&q=80,4672,ACTIVE,false
Brass Temple Bell Wall Mount Temple Grade,RAM-TD-009,Temple Decoration,1289,1629,33,Ornamental brass wall-mounted temple bell with deity motif bracket. Produces resonant tone during pooja.,Wall-mounted decorative temple bell,https://images.unsplash.com/photo-1605649461121-e82138c51b7e?w=800&auto=format&fit=crop&q=80,626,ACTIVE,false
Handpainted Pichwai Art Print Temple Grade,RAM-TD-010,Temple Decoration,2099,2359,29,Museum-quality Pichwai style painting on archival canvas depicting Shrinathji and divine leela scenes.,Traditional Pichwai temple art on canvas,https://images.unsplash.com/photo-1545232979-fbf5d96b1b44?w=800&auto=format&fit=crop&q=80,298,ACTIVE,false
Handmade Toran Door Hanging Artisan,RAM-TD-011,Temple Decoration,1489,1809,92,"Beautifully handcrafted toran with mango leaves, marigold motifs and mirror work. Brings auspiciousness to entrance doorways.",Auspicious door decoration toran,https://images.unsplash.com/photo-1604607053070-6ede2b4c6747?w=800&auto=format&fit=crop&q=80,398,ACTIVE,false
LED Temple Light String Jumbo Meter,RAM-TD-012,Temple Decoration,789,979,167,Dimmable warm golden LED fairy lights specially designed for home temple illumination. Low power consumption with long life.,Warm golden LED lights for mandir,https://images.unsplash.com/photo-1605649461121-e82138c51b7e?w=800&auto=format&fit=crop&q=80,142,ACTIVE,false
Artificial Marigold Garland Artisan Feet,RAM-TD-013,Temple Decoration,339,459,161,Premium artificial marigold garland with realistic texture and vibrant color. Reusable for years of festival celebrations.,Silk flower garland for decoration,https://images.unsplash.com/photo-1545232979-fbf5d96b1b44?w=800&auto=format&fit=crop&q=80,171,ACTIVE,false
Brass Temple Hanging Diya Temple Grade,RAM-TD-014,Temple Decoration,1899,2569,21,Decorative brass hanging diya with peacock chain design. Creates beautiful ambiance when lit during evening aarti.,Ornamental hanging oil lamp,https://images.unsplash.com/photo-1604607053070-6ede2b4c6747?w=800&auto=format&fit=crop&q=80,431,ACTIVE,false
Velvet Singhasan Throne Extra Large Inch,RAM-TD-015,Temple Decoration,1459,1619,21,Rich velvet-covered singhasan with golden zardozi embroidery and cushion for deity seating. Perfect for home mandir.,Deity throne with zardozi work,https://images.unsplash.com/photo-1605649461121-e82138c51b7e?w=800&auto=format&fit=crop&q=80,490,ACTIVE,false
Temple Pillar Decoration Set Handcrafted,RAM-TD-016,Temple Decoration,549,609,27,Ornate miniature temple pillar set with carved floral patterns for enhancing home mandir aesthetics.,Miniature pillar mandir accessories,https://images.unsplash.com/photo-1545232979-fbf5d96b1b44?w=800&auto=format&fit=crop&q=80,1318,ACTIVE,false
Brass Akhand Jyoti Stand Traditional,RAM-TD-017,Temple Decoration,2419,2759,60,Heavy brass akhand jyoti lamp with large oil reservoir for continuous burning. Designed for temple sanctum use.,Eternal flame oil lamp stand,https://images.unsplash.com/photo-1604607053070-6ede2b4c6747?w=800&auto=format&fit=crop&q=80,487,ACTIVE,false
Stone Carved Deity Backdrop Classic,RAM-TD-018,Temple Decoration,3059,3429,12,Intricately hand-carved soapstone deity backdrop with traditional South Indian temple architecture motifs.,Carved stone temple backdrop panel,https://images.unsplash.com/photo-1605649461121-e82138c51b7e?w=800&auto=format&fit=crop&q=80,3838,ACTIVE,false
Brass Temple Bell Wall Mount Artisan,RAM-TD-019,Temple Decoration,1859,2249,53,Ornamental brass wall-mounted temple bell with deity motif bracket. Produces resonant tone during pooja.,Wall-mounted decorative temple bell,https://images.unsplash.com/photo-1545232979-fbf5d96b1b44?w=800&auto=format&fit=crop&q=80,278,ACTIVE,false
Handpainted Pichwai Art Print Royal,RAM-TD-020,Temple Decoration,3759,4139,29,Museum-quality Pichwai style painting on archival canvas depicting Shrinathji and divine leela scenes.,Traditional Pichwai temple art on canvas,https://images.unsplash.com/photo-1604607053070-6ede2b4c6747?w=800&auto=format&fit=crop&q=80,623,ACTIVE,false
Handmade Toran Door Hanging Royal,RAM-TD-021,Temple Decoration,1409,1699,83,"Beautifully handcrafted toran with mango leaves, marigold motifs and mirror work. Brings auspiciousness to entrance doorways.",Auspicious door decoration toran,https://images.unsplash.com/photo-1605649461121-e82138c51b7e?w=800&auto=format&fit=crop&q=80,298,ACTIVE,false
LED Temple Light String Standard Meter,RAM-TD-022,Temple Decoration,809,1059,177,Dimmable warm golden LED fairy lights specially designed for home temple illumination. Low power consumption with long life.,Warm golden LED lights for mandir,https://images.unsplash.com/photo-1545232979-fbf5d96b1b44?w=800&auto=format&fit=crop&q=80,127,ACTIVE,false
Artificial Marigold Garland Premium Feet,RAM-TD-023,Temple Decoration,339,449,128,Premium artificial marigold garland with realistic texture and vibrant color. Reusable for years of festival celebrations.,Silk flower garland for decoration,https://images.unsplash.com/photo-1604607053070-6ede2b4c6747?w=800&auto=format&fit=crop&q=80,131,ACTIVE,false
Brass Temple Hanging Diya Classic,RAM-TD-024,Temple Decoration,1129,1509,25,Decorative brass hanging diya with peacock chain design. Creates beautiful ambiance when lit during evening aarti.,Ornamental hanging oil lamp,https://images.unsplash.com/photo-1605649461121-e82138c51b7e?w=800&auto=format&fit=crop&q=80,788,ACTIVE,false
Velvet Singhasan Throne Standard Inch,RAM-TD-025,Temple Decoration,1109,1439,19,Rich velvet-covered singhasan with golden zardozi embroidery and cushion for deity seating. Perfect for home mandir.,Deity throne with zardozi work,https://images.unsplash.com/photo-1545232979-fbf5d96b1b44?w=800&auto=format&fit=crop&q=80,580,ACTIVE,false
Temple Pillar Decoration Set Sacred,RAM-TD-026,Temple Decoration,1729,2109,32,Ornate miniature temple pillar set with carved floral patterns for enhancing home mandir aesthetics.,Miniature pillar mandir accessories,https://images.unsplash.com/photo-1604607053070-6ede2b4c6747?w=800&auto=format&fit=crop&q=80,1228,ACTIVE,false
Brass Akhand Jyoti Stand Temple Grade,RAM-TD-027,Temple Decoration,639,729,47,Heavy brass akhand jyoti lamp with large oil reservoir for continuous burning. Designed for temple sanctum use.,Eternal flame oil lamp stand,https://images.unsplash.com/photo-1605649461121-e82138c51b7e?w=800&auto=format&fit=crop&q=80,1329,ACTIVE,false
Stone Carved Deity Backdrop Sacred,RAM-TD-028,Temple Decoration,4019,5069,20,Intricately hand-carved soapstone deity backdrop with traditional South Indian temple architecture motifs.,Carved stone temple backdrop panel,https://images.unsplash.com/photo-1545232979-fbf5d96b1b44?w=800&auto=format&fit=crop&q=80,1156,ACTIVE,false
Brass Temple Bell Wall Mount Premium,RAM-TD-029,Temple Decoration,579,789,27,Ornamental brass wall-mounted temple bell with deity motif bracket. Produces resonant tone during pooja.,Wall-mounted decorative temple bell,https://images.unsplash.com/photo-1604607053070-6ede2b4c6747?w=800&auto=format&fit=crop&q=80,375,ACTIVE,false
Handpainted Pichwai Art Print Handcrafted,RAM-TD-030,Temple Decoration,2689,3419,15,Museum-quality Pichwai style painting on archival canvas depicting Shrinathji and divine leela scenes.,Traditional Pichwai temple art on canvas,https://images.unsplash.com/photo-1605649461121-e82138c51b7e?w=800&auto=format&fit=crop&q=80,861,ACTIVE,false
Handmade Toran Door Hanging Traditional,RAM-TD-031,Temple Decoration,409,489,34,"Beautifully handcrafted toran with mango leaves, marigold motifs and mirror work. Brings auspiciousness to entrance doorways.",Auspicious door decoration toran,https://images.unsplash.com/photo-1545232979-fbf5d96b1b44?w=800&auto=format&fit=crop&q=80,103,ACTIVE,false
LED Temple Light String Large Meter,RAM-TD-032,Temple Decoration,259,349,57,Dimmable warm golden LED fairy lights specially designed for home temple illumination. Low power consumption with long life.,Warm golden LED lights for mandir,https://images.unsplash.com/photo-1604607053070-6ede2b4c6747?w=800&auto=format&fit=crop&q=80,106,ACTIVE,false
Artificial Marigold Garland Handcrafted Feet,RAM-TD-033,Temple Decoration,379,479,162,Premium artificial marigold garland with realistic texture and vibrant color. Reusable for years of festival celebrations.,Silk flower garland for decoration,https://images.unsplash.com/photo-1605649461121-e82138c51b7e?w=800&auto=format&fit=crop&q=80,99,ACTIVE,false
Brass Temple Hanging Diya Deluxe,RAM-TD-034,Temple Decoration,1819,2149,56,Decorative brass hanging diya with peacock chain design. Creates beautiful ambiance when lit during evening aarti.,Ornamental hanging oil lamp,https://images.unsplash.com/photo-1545232979-fbf5d96b1b44?w=800&auto=format&fit=crop&q=80,948,ACTIVE,false
Velvet Singhasan Throne Premium Inch,RAM-TD-035,Temple Decoration,1199,1599,52,Rich velvet-covered singhasan with golden zardozi embroidery and cushion for deity seating. Perfect for home mandir.,Deity throne with zardozi work,https://images.unsplash.com/photo-1604607053070-6ede2b4c6747?w=800&auto=format&fit=crop&q=80,400,ACTIVE,false
Temple Pillar Decoration Set Royal,RAM-TD-036,Temple Decoration,689,889,47,Ornate miniature temple pillar set with carved floral patterns for enhancing home mandir aesthetics.,Miniature pillar mandir accessories,https://images.unsplash.com/photo-1605649461121-e82138c51b7e?w=800&auto=format&fit=crop&q=80,1358,ACTIVE,false
Brass Akhand Jyoti Stand Royal,RAM-TD-037,Temple Decoration,589,719,59,Heavy brass akhand jyoti lamp with large oil reservoir for continuous burning. Designed for temple sanctum use.,Eternal flame oil lamp stand,https://images.unsplash.com/photo-1545232979-fbf5d96b1b44?w=800&auto=format&fit=crop&q=80,1317,ACTIVE,false
Stone Carved Deity Backdrop Temple Grade,RAM-TD-038,Temple Decoration,4429,5589,9,Intricately hand-carved soapstone deity backdrop with traditional South Indian temple architecture motifs.,Carved stone temple backdrop panel,https://images.unsplash.com/photo-1604607053070-6ede2b4c6747?w=800&auto=format&fit=crop&q=80,2021,ACTIVE,false
Brass Temple Bell Wall Mount Handcrafted,RAM-TD-039,Temple Decoration,709,799,17,Ornamental brass wall-mounted temple bell with deity motif bracket. Produces resonant tone during pooja.,Wall-mounted decorative temple bell,https://images.unsplash.com/photo-1605649461121-e82138c51b7e?w=800&auto=format&fit=crop&q=80,404,ACTIVE,false
Handpainted Pichwai Art Print Sacred,RAM-TD-040,Temple Decoration,689,769,25,Museum-quality Pichwai style painting on archival canvas depicting Shrinathji and divine leela scenes.,Traditional Pichwai temple art on canvas,https://images.unsplash.com/photo-1545232979-fbf5d96b1b44?w=800&auto=format&fit=crop&q=80,706,ACTIVE,false
Handmade Toran Door Hanging Heritage,RAM-TD-041,Temple Decoration,1409,1599,35,"Beautifully handcrafted toran with mango leaves, marigold motifs and mirror work. Brings auspiciousness to entrance doorways.",Auspicious door decoration toran,https://images.unsplash.com/photo-1604607053070-6ede2b4c6747?w=800&auto=format&fit=crop&q=80,426,ACTIVE,false
LED Temple Light String Compact Meter,RAM-TD-042,Temple Decoration,239,289,47,Dimmable warm golden LED fairy lights specially designed for home temple illumination. Low power consumption with long life.,Warm golden LED lights for mandir,https://images.unsplash.com/photo-1605649461121-e82138c51b7e?w=800&auto=format&fit=crop&q=80,108,ACTIVE,false
Artificial Marigold Garland Temple Grade Feet,RAM-TD-043,Temple Decoration,139,179,268,Premium artificial marigold garland with realistic texture and vibrant color. Reusable for years of festival celebrations.,Silk flower garland for decoration,https://images.unsplash.com/photo-1545232979-fbf5d96b1b44?w=800&auto=format&fit=crop&q=80,150,ACTIVE,false
Brass Temple Hanging Diya Premium,RAM-TD-044,Temple Decoration,1889,2389,67,Decorative brass hanging diya with peacock chain design. Creates beautiful ambiance when lit during evening aarti.,Ornamental hanging oil lamp,https://images.unsplash.com/photo-1604607053070-6ede2b4c6747?w=800&auto=format&fit=crop&q=80,654,ACTIVE,false
Velvet Singhasan Throne Compact Inch,RAM-TD-045,Temple Decoration,3039,3929,55,Rich velvet-covered singhasan with golden zardozi embroidery and cushion for deity seating. Perfect for home mandir.,Deity throne with zardozi work,https://images.unsplash.com/photo-1605649461121-e82138c51b7e?w=800&auto=format&fit=crop&q=80,423,ACTIVE,false
Temple Pillar Decoration Set Heritage,RAM-TD-046,Temple Decoration,2109,2409,37,Ornate miniature temple pillar set with carved floral patterns for enhancing home mandir aesthetics.,Miniature pillar mandir accessories,https://images.unsplash.com/photo-1545232979-fbf5d96b1b44?w=800&auto=format&fit=crop&q=80,762,ACTIVE,false
Brass Akhand Jyoti Stand Handcrafted,RAM-TD-047,Temple Decoration,1499,1879,24,Heavy brass akhand jyoti lamp with large oil reservoir for continuous burning. Designed for temple sanctum use.,Eternal flame oil lamp stand,https://images.unsplash.com/photo-1604607053070-6ede2b4c6747?w=800&auto=format&fit=crop&q=80,892,ACTIVE,false
Stone Carved Deity Backdrop Premium,RAM-TD-048,Temple Decoration,1779,1979,16,Intricately hand-carved soapstone deity backdrop with traditional South Indian temple architecture motifs.,Carved stone temple backdrop panel,https://images.unsplash.com/photo-1605649461121-e82138c51b7e?w=800&auto=format&fit=crop&q=80,2165,ACTIVE,false
Brass Temple Bell Wall Mount Heritage,RAM-TD-049,Temple Decoration,1409,1669,26,Ornamental brass wall-mounted temple bell with deity motif bracket. Produces resonant tone during pooja.,Wall-mounted decorative temple bell,https://images.unsplash.com/photo-1545232979-fbf5d96b1b44?w=800&auto=format&fit=crop&q=80,509,ACTIVE,false
Handpainted Pichwai Art Print Heritage,RAM-TD-050,Temple Decoration,1839,2099,31,Museum-quality Pichwai style painting on archival canvas depicting Shrinathji and divine leela scenes.,Traditional Pichwai temple art on canvas,https://images.unsplash.com/photo-1604607053070-6ede2b4c6747?w=800&auto=format&fit=crop&q=80,453,ACTIVE,false
Velvet Poshak Dress for Laddu Gopal Jumbo No,RAM-BV-001,Bhagwan Vastra,689,889,34,Luxurious zardozi embroidered velvet poshak with matching pagdi and accessories for Laddu Gopal murti.,Embroidered velvet deity dress,https://images.unsplash.com/photo-1617627143750-d86bc21e42bb?w=800&auto=format&fit=crop&q=80,81,ACTIVE,true
Silk Vastra Set for Ganesh Premium Inch,RAM-BV-002,Bhagwan Vastra,499,659,39,Pure Banarasi silk vastra set with golden border and intricate weaving. Complete outfit for deity murti.,Pure silk deity garment set,https://images.unsplash.com/photo-1599643478518-a784e5dc4c8f?w=800&auto=format&fit=crop&q=80,126,ACTIVE,true
Embroidered Net Chunni for Devi Sacred,RAM-BV-003,Bhagwan Vastra,729,949,111,"Delicate net chunni with golden zari embroidery and sequin work for Durga, Lakshmi and other Devi murtis.",Decorated dupatta for goddess murti,https://images.unsplash.com/photo-1604607053070-6ede2b4c6747?w=800&auto=format&fit=crop&q=80,76,ACTIVE,true
Cotton Dhoti Set for Deity Standard Inch,RAM-BV-004,Bhagwan Vastra,189,239,120,"Handloom pure cotton dhoti with matching angvastra for Lord Shiva, Vishnu, and other male deity murtis.",Pure cotton deity dhoti and angvastra,https://images.unsplash.com/photo-1617627143750-d86bc21e42bb?w=800&auto=format&fit=crop&q=80,80,ACTIVE,false
Sequin Work Pagdi Crown Cap Large No,RAM-BV-005,Bhagwan Vastra,489,599,128,"Hand-stitched pagdi cap with mirror work, sequins, and pearl embellishments for Krishna and Shiva murtis.",Decorated turban cap for deity,https://images.unsplash.com/photo-1599643478518-a784e5dc4c8f?w=800&auto=format&fit=crop&q=80,33,ACTIVE,false
Woolen Winter Poshak for Laddu Gopal Small No,RAM-BV-006,Bhagwan Vastra,259,349,121,Soft woolen knitted winter poshak for Laddu Gopal with matching cap and blanket. Perfect for winter months.,Warm winter deity dress,https://images.unsplash.com/photo-1604607053070-6ede2b4c6747?w=800&auto=format&fit=crop&q=80,70,ACTIVE,false
Bridal Lehenga Set for Devi Murti Small Inch,RAM-BV-007,Bhagwan Vastra,1089,1409,78,"Elaborate miniature bridal lehenga choli set with embroidery, sequins, and dupatta for goddess murtis.",Festive bridal outfit for goddess,https://images.unsplash.com/photo-1617627143750-d86bc21e42bb?w=800&auto=format&fit=crop&q=80,55,ACTIVE,false
Floral Print Raas Leela Vastra Set Handcrafted,RAM-BV-008,Bhagwan Vastra,379,429,24,Coordinated Radha-Krishna dress set with floral prints and golden accents for Raas Leela theme decoration.,Matching Radha-Krishna outfit pair,https://images.unsplash.com/photo-1599643478518-a784e5dc4c8f?w=800&auto=format&fit=crop&q=80,89,ACTIVE,false
Satin Chaddar Blanket for Deity Compact Inch,RAM-BV-009,Bhagwan Vastra,399,519,96,"Premium quality satin chaddar with golden lace border for deity bedding. Soft, luxurious, and easy to maintain.",Soft satin deity bed covering,https://images.unsplash.com/photo-1604607053070-6ede2b4c6747?w=800&auto=format&fit=crop&q=80,81,ACTIVE,false
Festival Theme Poshak Set Classic Small No,RAM-BV-010,Bhagwan Vastra,689,929,78,"Themed poshak set designed for specific festivals — Janmashtami, Diwali, Holi, and other celebrations.",Special occasion deity dress,https://images.unsplash.com/photo-1617627143750-d86bc21e42bb?w=800&auto=format&fit=crop&q=80,61,ACTIVE,false
Velvet Poshak Dress for Laddu Gopal Large No,RAM-BV-011,Bhagwan Vastra,1229,1569,94,Luxurious zardozi embroidered velvet poshak with matching pagdi and accessories for Laddu Gopal murti.,Embroidered velvet deity dress,https://images.unsplash.com/photo-1599643478518-a784e5dc4c8f?w=800&auto=format&fit=crop&q=80,40,ACTIVE,false
Silk Vastra Set for Vishnu Compact Inch,RAM-BV-012,Bhagwan Vastra,1489,1729,61,Pure Banarasi silk vastra set with golden border and intricate weaving. Complete outfit for deity murti.,Pure silk deity garment set,https://images.unsplash.com/photo-1604607053070-6ede2b4c6747?w=800&auto=format&fit=crop&q=80,102,ACTIVE,false
Embroidered Net Chunni for Devi Temple Grade,RAM-BV-013,Bhagwan Vastra,339,419,136,"Delicate net chunni with golden zari embroidery and sequin work for Durga, Lakshmi and other Devi murtis.",Decorated dupatta for goddess murti,https://images.unsplash.com/photo-1617627143750-d86bc21e42bb?w=800&auto=format&fit=crop&q=80,63,ACTIVE,false
Cotton Dhoti Set for Deity Large Inch,RAM-BV-014,Bhagwan Vastra,269,329,47,"Handloom pure cotton dhoti with matching angvastra for Lord Shiva, Vishnu, and other male deity murtis.",Pure cotton deity dhoti and angvastra,https://images.unsplash.com/photo-1599643478518-a784e5dc4c8f?w=800&auto=format&fit=crop&q=80,39,ACTIVE,false
Sequin Work Pagdi Crown Cap Compact No,RAM-BV-015,Bhagwan Vastra,279,329,185,"Hand-stitched pagdi cap with mirror work, sequins, and pearl embellishments for Krishna and Shiva murtis.",Decorated turban cap for deity,https://images.unsplash.com/photo-1604607053070-6ede2b4c6747?w=800&auto=format&fit=crop&q=80,44,ACTIVE,false
Woolen Winter Poshak for Laddu Gopal Compact No,RAM-BV-016,Bhagwan Vastra,559,699,127,Soft woolen knitted winter poshak for Laddu Gopal with matching cap and blanket. Perfect for winter months.,Warm winter deity dress,https://images.unsplash.com/photo-1617627143750-d86bc21e42bb?w=800&auto=format&fit=crop&q=80,59,ACTIVE,false
Bridal Lehenga Set for Devi Murti Medium Inch,RAM-BV-017,Bhagwan Vastra,1859,2179,36,"Elaborate miniature bridal lehenga choli set with embroidery, sequins, and dupatta for goddess murtis.",Festive bridal outfit for goddess,https://images.unsplash.com/photo-1599643478518-a784e5dc4c8f?w=800&auto=format&fit=crop&q=80,106,ACTIVE,false
Floral Print Raas Leela Vastra Set Classic,RAM-BV-018,Bhagwan Vastra,1709,2119,45,Coordinated Radha-Krishna dress set with floral prints and golden accents for Raas Leela theme decoration.,Matching Radha-Krishna outfit pair,https://images.unsplash.com/photo-1604607053070-6ede2b4c6747?w=800&auto=format&fit=crop&q=80,61,ACTIVE,false
Satin Chaddar Blanket for Deity Standard Inch,RAM-BV-019,Bhagwan Vastra,369,439,72,"Premium quality satin chaddar with golden lace border for deity bedding. Soft, luxurious, and easy to maintain.",Soft satin deity bed covering,https://images.unsplash.com/photo-1617627143750-d86bc21e42bb?w=800&auto=format&fit=crop&q=80,50,ACTIVE,false
Festival Theme Poshak Set Royal Large No,RAM-BV-020,Bhagwan Vastra,809,1079,83,"Themed poshak set designed for specific festivals — Janmashtami, Diwali, Holi, and other celebrations.",Special occasion deity dress,https://images.unsplash.com/photo-1599643478518-a784e5dc4c8f?w=800&auto=format&fit=crop&q=80,119,ACTIVE,false
Velvet Poshak Dress for Laddu Gopal Standard No,RAM-BV-021,Bhagwan Vastra,1459,1639,69,Luxurious zardozi embroidered velvet poshak with matching pagdi and accessories for Laddu Gopal murti.,Embroidered velvet deity dress,https://images.unsplash.com/photo-1604607053070-6ede2b4c6747?w=800&auto=format&fit=crop&q=80,138,ACTIVE,false
Silk Vastra Set for Ganesh Compact Inch,RAM-BV-022,Bhagwan Vastra,779,869,99,Pure Banarasi silk vastra set with golden border and intricate weaving. Complete outfit for deity murti.,Pure silk deity garment set,https://images.unsplash.com/photo-1617627143750-d86bc21e42bb?w=800&auto=format&fit=crop&q=80,136,ACTIVE,false
Embroidered Net Chunni for Devi Royal,RAM-BV-023,Bhagwan Vastra,689,909,40,"Delicate net chunni with golden zari embroidery and sequin work for Durga, Lakshmi and other Devi murtis.",Decorated dupatta for goddess murti,https://images.unsplash.com/photo-1599643478518-a784e5dc4c8f?w=800&auto=format&fit=crop&q=80,38,ACTIVE,false
Cotton Dhoti Set for Deity Small Inch,RAM-BV-024,Bhagwan Vastra,269,349,114,"Handloom pure cotton dhoti with matching angvastra for Lord Shiva, Vishnu, and other male deity murtis.",Pure cotton deity dhoti and angvastra,https://images.unsplash.com/photo-1604607053070-6ede2b4c6747?w=800&auto=format&fit=crop&q=80,27,ACTIVE,false
Sequin Work Pagdi Crown Cap Extra Large No,RAM-BV-025,Bhagwan Vastra,179,209,52,"Hand-stitched pagdi cap with mirror work, sequins, and pearl embellishments for Krishna and Shiva murtis.",Decorated turban cap for deity,https://images.unsplash.com/photo-1617627143750-d86bc21e42bb?w=800&auto=format&fit=crop&q=80,38,ACTIVE,false
Woolen Winter Poshak for Laddu Gopal Medium No,RAM-BV-026,Bhagwan Vastra,339,429,116,Soft woolen knitted winter poshak for Laddu Gopal with matching cap and blanket. Perfect for winter months.,Warm winter deity dress,https://images.unsplash.com/photo-1599643478518-a784e5dc4c8f?w=800&auto=format&fit=crop&q=80,30,ACTIVE,false
Bridal Lehenga Set for Devi Murti Large Inch,RAM-BV-027,Bhagwan Vastra,1669,2009,22,"Elaborate miniature bridal lehenga choli set with embroidery, sequins, and dupatta for goddess murtis.",Festive bridal outfit for goddess,https://images.unsplash.com/photo-1604607053070-6ede2b4c6747?w=800&auto=format&fit=crop&q=80,49,ACTIVE,false
Floral Print Raas Leela Vastra Set Traditional,RAM-BV-028,Bhagwan Vastra,1319,1639,14,Coordinated Radha-Krishna dress set with floral prints and golden accents for Raas Leela theme decoration.,Matching Radha-Krishna outfit pair,https://images.unsplash.com/photo-1617627143750-d86bc21e42bb?w=800&auto=format&fit=crop&q=80,116,ACTIVE,false
Satin Chaddar Blanket for Deity Large Inch,RAM-BV-029,Bhagwan Vastra,419,549,83,"Premium quality satin chaddar with golden lace border for deity bedding. Soft, luxurious, and easy to maintain.",Soft satin deity bed covering,https://images.unsplash.com/photo-1599643478518-a784e5dc4c8f?w=800&auto=format&fit=crop&q=80,99,ACTIVE,false
Festival Theme Poshak Set Temple Grade Jumbo No,RAM-BV-030,Bhagwan Vastra,379,469,42,"Themed poshak set designed for specific festivals — Janmashtami, Diwali, Holi, and other celebrations.",Special occasion deity dress,https://images.unsplash.com/photo-1604607053070-6ede2b4c6747?w=800&auto=format&fit=crop&q=80,69,ACTIVE,false
Velvet Poshak Dress for Laddu Gopal Medium No,RAM-BV-031,Bhagwan Vastra,569,709,113,Luxurious zardozi embroidered velvet poshak with matching pagdi and accessories for Laddu Gopal murti.,Embroidered velvet deity dress,https://images.unsplash.com/photo-1617627143750-d86bc21e42bb?w=800&auto=format&fit=crop&q=80,56,ACTIVE,false
Silk Vastra Set for Shiva Premium Inch,RAM-BV-032,Bhagwan Vastra,2489,3369,22,Pure Banarasi silk vastra set with golden border and intricate weaving. Complete outfit for deity murti.,Pure silk deity garment set,https://images.unsplash.com/photo-1599643478518-a784e5dc4c8f?w=800&auto=format&fit=crop&q=80,61,ACTIVE,false
Embroidered Net Chunni for Devi Artisan,RAM-BV-033,Bhagwan Vastra,439,519,91,"Delicate net chunni with golden zari embroidery and sequin work for Durga, Lakshmi and other Devi murtis.",Decorated dupatta for goddess murti,https://images.unsplash.com/photo-1604607053070-6ede2b4c6747?w=800&auto=format&fit=crop&q=80,76,ACTIVE,false
Cotton Dhoti Set for Deity Extra Large Inch,RAM-BV-034,Bhagwan Vastra,119,139,80,"Handloom pure cotton dhoti with matching angvastra for Lord Shiva, Vishnu, and other male deity murtis.",Pure cotton deity dhoti and angvastra,https://images.unsplash.com/photo-1617627143750-d86bc21e42bb?w=800&auto=format&fit=crop&q=80,79,ACTIVE,false
Sequin Work Pagdi Crown Cap Small No,RAM-BV-035,Bhagwan Vastra,119,149,42,"Hand-stitched pagdi cap with mirror work, sequins, and pearl embellishments for Krishna and Shiva murtis.",Decorated turban cap for deity,https://images.unsplash.com/photo-1599643478518-a784e5dc4c8f?w=800&auto=format&fit=crop&q=80,39,ACTIVE,false
Woolen Winter Poshak for Laddu Gopal Premium No,RAM-BV-036,Bhagwan Vastra,119,139,104,Soft woolen knitted winter poshak for Laddu Gopal with matching cap and blanket. Perfect for winter months.,Warm winter deity dress,https://images.unsplash.com/photo-1604607053070-6ede2b4c6747?w=800&auto=format&fit=crop&q=80,98,ACTIVE,false
Bridal Lehenga Set for Devi Murti Compact Inch,RAM-BV-037,Bhagwan Vastra,439,589,52,"Elaborate miniature bridal lehenga choli set with embroidery, sequins, and dupatta for goddess murtis.",Festive bridal outfit for goddess,https://images.unsplash.com/photo-1617627143750-d86bc21e42bb?w=800&auto=format&fit=crop&q=80,52,ACTIVE,false
Floral Print Raas Leela Vastra Set Sacred,RAM-BV-038,Bhagwan Vastra,2439,3179,49,Coordinated Radha-Krishna dress set with floral prints and golden accents for Raas Leela theme decoration.,Matching Radha-Krishna outfit pair,https://images.unsplash.com/photo-1599643478518-a784e5dc4c8f?w=800&auto=format&fit=crop&q=80,96,ACTIVE,false
Satin Chaddar Blanket for Deity Medium Inch,RAM-BV-039,Bhagwan Vastra,589,689,149,"Premium quality satin chaddar with golden lace border for deity bedding. Soft, luxurious, and easy to maintain.",Soft satin deity bed covering,https://images.unsplash.com/photo-1604607053070-6ede2b4c6747?w=800&auto=format&fit=crop&q=80,63,ACTIVE,false
Festival Theme Poshak Set Royal Medium No,RAM-BV-040,Bhagwan Vastra,889,1109,29,"Themed poshak set designed for specific festivals — Janmashtami, Diwali, Holi, and other celebrations.",Special occasion deity dress,https://images.unsplash.com/photo-1617627143750-d86bc21e42bb?w=800&auto=format&fit=crop&q=80,88,ACTIVE,false
Velvet Poshak Dress for Laddu Gopal Extra Large No,RAM-BV-041,Bhagwan Vastra,989,1129,48,Luxurious zardozi embroidered velvet poshak with matching pagdi and accessories for Laddu Gopal murti.,Embroidered velvet deity dress,https://images.unsplash.com/photo-1599643478518-a784e5dc4c8f?w=800&auto=format&fit=crop&q=80,80,ACTIVE,false
Silk Vastra Set for Krishna Small Inch,RAM-BV-042,Bhagwan Vastra,2259,2559,44,Pure Banarasi silk vastra set with golden border and intricate weaving. Complete outfit for deity murti.,Pure silk deity garment set,https://images.unsplash.com/photo-1604607053070-6ede2b4c6747?w=800&auto=format&fit=crop&q=80,71,ACTIVE,false
Embroidered Net Chunni for Devi Heritage,RAM-BV-043,Bhagwan Vastra,229,299,87,"Delicate net chunni with golden zari embroidery and sequin work for Durga, Lakshmi and other Devi murtis.",Decorated dupatta for goddess murti,https://images.unsplash.com/photo-1617627143750-d86bc21e42bb?w=800&auto=format&fit=crop&q=80,77,ACTIVE,false
Cotton Dhoti Set for Deity Jumbo Inch,RAM-BV-044,Bhagwan Vastra,169,229,95,"Handloom pure cotton dhoti with matching angvastra for Lord Shiva, Vishnu, and other male deity murtis.",Pure cotton deity dhoti and angvastra,https://images.unsplash.com/photo-1599643478518-a784e5dc4c8f?w=800&auto=format&fit=crop&q=80,22,ACTIVE,false
Sequin Work Pagdi Crown Cap Medium No,RAM-BV-045,Bhagwan Vastra,109,129,196,"Hand-stitched pagdi cap with mirror work, sequins, and pearl embellishments for Krishna and Shiva murtis.",Decorated turban cap for deity,https://images.unsplash.com/photo-1604607053070-6ede2b4c6747?w=800&auto=format&fit=crop&q=80,55,ACTIVE,false
Woolen Winter Poshak for Laddu Gopal Extra Large No,RAM-BV-046,Bhagwan Vastra,389,469,38,Soft woolen knitted winter poshak for Laddu Gopal with matching cap and blanket. Perfect for winter months.,Warm winter deity dress,https://images.unsplash.com/photo-1617627143750-d86bc21e42bb?w=800&auto=format&fit=crop&q=80,87,ACTIVE,false
Bridal Lehenga Set for Devi Murti Standard Inch,RAM-BV-047,Bhagwan Vastra,1279,1679,32,"Elaborate miniature bridal lehenga choli set with embroidery, sequins, and dupatta for goddess murtis.",Festive bridal outfit for goddess,https://images.unsplash.com/photo-1599643478518-a784e5dc4c8f?w=800&auto=format&fit=crop&q=80,75,ACTIVE,false
Floral Print Raas Leela Vastra Set Premium,RAM-BV-048,Bhagwan Vastra,1119,1349,14,Coordinated Radha-Krishna dress set with floral prints and golden accents for Raas Leela theme decoration.,Matching Radha-Krishna outfit pair,https://images.unsplash.com/photo-1604607053070-6ede2b4c6747?w=800&auto=format&fit=crop&q=80,86,ACTIVE,false
Satin Chaddar Blanket for Deity Jumbo Inch,RAM-BV-049,Bhagwan Vastra,559,749,146,"Premium quality satin chaddar with golden lace border for deity bedding. Soft, luxurious, and easy to maintain.",Soft satin deity bed covering,https://images.unsplash.com/photo-1617627143750-d86bc21e42bb?w=800&auto=format&fit=crop&q=80,37,ACTIVE,false
Festival Theme Poshak Set Sacred Compact No,RAM-BV-050,Bhagwan Vastra,819,979,56,"Themed poshak set designed for specific festivals — Janmashtami, Diwali, Holi, and other celebrations.",Special occasion deity dress,https://images.unsplash.com/photo-1599643478518-a784e5dc4c8f?w=800&auto=format&fit=crop&q=80,97,ACTIVE,false
Gold Plated Stone Studded Mukut Medium Inch,RAM-MS-001,Mukut & Shringar,1289,1459,41,Adjustable gold-finish stone-studded mukut crown with intricate kundan work. Perfect for Krishna and other deity murtis.,Royal crown for deity idols,https://images.unsplash.com/photo-1599643478518-a784e5dc4c8f?w=800&auto=format&fit=crop&q=80,126,ACTIVE,true
Silver Finish Deity Mukut Crown Standard Inch,RAM-MS-002,Mukut & Shringar,559,709,71,"High-quality silver-plated mukut with pearl and crystal embellishments for Shiva, Ganesh, and other deities.",Elegant silver-tone deity crown,https://images.unsplash.com/photo-1617627143750-d86bc21e42bb?w=800&auto=format&fit=crop&q=80,55,ACTIVE,true
Brass Bansuri (Flute) for Krishna Small Inch,RAM-MS-003,Mukut & Shringar,539,599,67,Handcrafted brass bansuri with golden finish for Krishna murti shringar. Detailed finger holes and mouthpiece.,Decorative brass flute for Lord Krishna,https://images.unsplash.com/photo-1604607053070-6ede2b4c6747?w=800&auto=format&fit=crop&q=80,23,ACTIVE,true
Deity Necklace Haar Set Handcrafted,RAM-MS-004,Mukut & Shringar,1069,1289,98,Intricate miniature necklace haar set with matching earrings and tikka for deity shringar decoration.,Miniature jewelry set for murti,https://images.unsplash.com/photo-1599643478518-a784e5dc4c8f?w=800&auto=format&fit=crop&q=80,58,ACTIVE,false
Kamar Bandh (Waist Belt) for Murti Extra Large,RAM-MS-005,Mukut & Shringar,669,789,79,Golden finish kamar bandh waist belt with hanging chains and stone work for deity murti adornment.,Decorative deity waist ornament,https://images.unsplash.com/photo-1617627143750-d86bc21e42bb?w=800&auto=format&fit=crop&q=80,22,ACTIVE,false
Meenakari Shringar Set Classic,RAM-MS-006,Mukut & Shringar,1399,1739,64,Exquisite Meenakari enamel work shringar set in traditional Rajasthani style for deity decoration.,Rajasthani enamel work jewelry set,https://images.unsplash.com/photo-1604607053070-6ede2b4c6747?w=800&auto=format&fit=crop&q=80,22,ACTIVE,false
Deity Armlet Bajuband Pair Temple Grade,RAM-MS-007,Mukut & Shringar,399,479,96,Ornate bajuband pair with spring mechanism for easy fitting on deity murti arms. Stone and pearl work.,Upper arm decoration for murti,https://images.unsplash.com/photo-1599643478518-a784e5dc4c8f?w=800&auto=format&fit=crop&q=80,11,ACTIVE,false
Chhatra Umbrella for Deity Compact Inch,RAM-MS-008,Mukut & Shringar,199,269,32,Handcrafted decorative chhatra (umbrella) with velvet and golden embroidery for deity procession and mandir.,Miniature ceremonial umbrella,https://images.unsplash.com/photo-1617627143750-d86bc21e42bb?w=800&auto=format&fit=crop&q=80,139,ACTIVE,false
Morpankh (Peacock Feather) Set Temple Grade,RAM-MS-009,Mukut & Shringar,269,319,61,Premium quality natural peacock feathers for Lord Krishna murti decoration. Ethically sourced and preserved.,Natural peacock feather for Krishna,https://images.unsplash.com/photo-1604607053070-6ede2b4c6747?w=800&auto=format&fit=crop&q=80,10,ACTIVE,false
Deity Payal Anklet Set Handcrafted,RAM-MS-010,Mukut & Shringar,229,309,145,Delicate silver-tone payal anklets with tiny jingling bells for deity murti feet decoration.,Miniature anklet bells for murti,https://images.unsplash.com/photo-1599643478518-a784e5dc4c8f?w=800&auto=format&fit=crop&q=80,20,ACTIVE,false
Gold Plated Stone Studded Mukut Premium Inch,RAM-MS-011,Mukut & Shringar,2389,2969,33,Adjustable gold-finish stone-studded mukut crown with intricate kundan work. Perfect for Krishna and other deity murtis.,Royal crown for deity idols,https://images.unsplash.com/photo-1617627143750-d86bc21e42bb?w=800&auto=format&fit=crop&q=80,139,ACTIVE,false
Silver Finish Deity Mukut Crown Premium Inch,RAM-MS-012,Mukut & Shringar,719,819,81,"High-quality silver-plated mukut with pearl and crystal embellishments for Shiva, Ganesh, and other deities.",Elegant silver-tone deity crown,https://images.unsplash.com/photo-1604607053070-6ede2b4c6747?w=800&auto=format&fit=crop&q=80,67,ACTIVE,false
Brass Bansuri (Flute) for Krishna Compact Inch,RAM-MS-013,Mukut & Shringar,559,679,144,Handcrafted brass bansuri with golden finish for Krishna murti shringar. Detailed finger holes and mouthpiece.,Decorative brass flute for Lord Krishna,https://images.unsplash.com/photo-1599643478518-a784e5dc4c8f?w=800&auto=format&fit=crop&q=80,84,ACTIVE,false
Deity Necklace Haar Set Classic,RAM-MS-014,Mukut & Shringar,1349,1499,34,Intricate miniature necklace haar set with matching earrings and tikka for deity shringar decoration.,Miniature jewelry set for murti,https://images.unsplash.com/photo-1617627143750-d86bc21e42bb?w=800&auto=format&fit=crop&q=80,45,ACTIVE,false
Kamar Bandh (Waist Belt) for Murti Jumbo,RAM-MS-015,Mukut & Shringar,559,689,95,Golden finish kamar bandh waist belt with hanging chains and stone work for deity murti adornment.,Decorative deity waist ornament,https://images.unsplash.com/photo-1604607053070-6ede2b4c6747?w=800&auto=format&fit=crop&q=80,46,ACTIVE,false
Meenakari Shringar Set Heritage,RAM-MS-016,Mukut & Shringar,369,409,19,Exquisite Meenakari enamel work shringar set in traditional Rajasthani style for deity decoration.,Rajasthani enamel work jewelry set,https://images.unsplash.com/photo-1599643478518-a784e5dc4c8f?w=800&auto=format&fit=crop&q=80,64,ACTIVE,false
Deity Armlet Bajuband Pair Artisan,RAM-MS-017,Mukut & Shringar,179,219,42,Ornate bajuband pair with spring mechanism for easy fitting on deity murti arms. Stone and pearl work.,Upper arm decoration for murti,https://images.unsplash.com/photo-1617627143750-d86bc21e42bb?w=800&auto=format&fit=crop&q=80,28,ACTIVE,false
Chhatra Umbrella for Deity Medium Inch,RAM-MS-018,Mukut & Shringar,979,1099,37,Handcrafted decorative chhatra (umbrella) with velvet and golden embroidery for deity procession and mandir.,Miniature ceremonial umbrella,https://images.unsplash.com/photo-1604607053070-6ede2b4c6747?w=800&auto=format&fit=crop&q=80,100,ACTIVE,false
Morpankh (Peacock Feather) Set Heritage,RAM-MS-019,Mukut & Shringar,99,129,244,Premium quality natural peacock feathers for Lord Krishna murti decoration. Ethically sourced and preserved.,Natural peacock feather for Krishna,https://images.unsplash.com/photo-1599643478518-a784e5dc4c8f?w=800&auto=format&fit=crop&q=80,17,ACTIVE,false
Deity Payal Anklet Set Heritage,RAM-MS-020,Mukut & Shringar,299,329,119,Delicate silver-tone payal anklets with tiny jingling bells for deity murti feet decoration.,Miniature anklet bells for murti,https://images.unsplash.com/photo-1617627143750-d86bc21e42bb?w=800&auto=format&fit=crop&q=80,11,ACTIVE,false
Gold Plated Stone Studded Mukut Small Inch,RAM-MS-021,Mukut & Shringar,549,749,69,Adjustable gold-finish stone-studded mukut crown with intricate kundan work. Perfect for Krishna and other deity murtis.,Royal crown for deity idols,https://images.unsplash.com/photo-1604607053070-6ede2b4c6747?w=800&auto=format&fit=crop&q=80,143,ACTIVE,false
Silver Finish Deity Mukut Crown Compact Inch,RAM-MS-022,Mukut & Shringar,799,999,91,"High-quality silver-plated mukut with pearl and crystal embellishments for Shiva, Ganesh, and other deities.",Elegant silver-tone deity crown,https://images.unsplash.com/photo-1599643478518-a784e5dc4c8f?w=800&auto=format&fit=crop&q=80,66,ACTIVE,false
Brass Bansuri (Flute) for Krishna Standard Inch,RAM-MS-023,Mukut & Shringar,519,659,117,Handcrafted brass bansuri with golden finish for Krishna murti shringar. Detailed finger holes and mouthpiece.,Decorative brass flute for Lord Krishna,https://images.unsplash.com/photo-1617627143750-d86bc21e42bb?w=800&auto=format&fit=crop&q=80,47,ACTIVE,false
Deity Necklace Haar Set Royal,RAM-MS-024,Mukut & Shringar,1289,1489,42,Intricate miniature necklace haar set with matching earrings and tikka for deity shringar decoration.,Miniature jewelry set for murti,https://images.unsplash.com/photo-1604607053070-6ede2b4c6747?w=800&auto=format&fit=crop&q=80,39,ACTIVE,false
Kamar Bandh (Waist Belt) for Murti Large,RAM-MS-025,Mukut & Shringar,469,559,69,Golden finish kamar bandh waist belt with hanging chains and stone work for deity murti adornment.,Decorative deity waist ornament,https://images.unsplash.com/photo-1599643478518-a784e5dc4c8f?w=800&auto=format&fit=crop&q=80,15,ACTIVE,false
Meenakari Shringar Set Temple Grade,RAM-MS-026,Mukut & Shringar,669,869,31,Exquisite Meenakari enamel work shringar set in traditional Rajasthani style for deity decoration.,Rajasthani enamel work jewelry set,https://images.unsplash.com/photo-1617627143750-d86bc21e42bb?w=800&auto=format&fit=crop&q=80,46,ACTIVE,false
Deity Armlet Bajuband Pair Heritage,RAM-MS-027,Mukut & Shringar,389,459,62,Ornate bajuband pair with spring mechanism for easy fitting on deity murti arms. Stone and pearl work.,Upper arm decoration for murti,https://images.unsplash.com/photo-1604607053070-6ede2b4c6747?w=800&auto=format&fit=crop&q=80,10,ACTIVE,false
Chhatra Umbrella for Deity Premium Inch,RAM-MS-028,Mukut & Shringar,479,559,53,Handcrafted decorative chhatra (umbrella) with velvet and golden embroidery for deity procession and mandir.,Miniature ceremonial umbrella,https://images.unsplash.com/photo-1599643478518-a784e5dc4c8f?w=800&auto=format&fit=crop&q=80,62,ACTIVE,false
Morpankh (Peacock Feather) Set Traditional,RAM-MS-029,Mukut & Shringar,89,119,125,Premium quality natural peacock feathers for Lord Krishna murti decoration. Ethically sourced and preserved.,Natural peacock feather for Krishna,https://images.unsplash.com/photo-1617627143750-d86bc21e42bb?w=800&auto=format&fit=crop&q=80,11,ACTIVE,false
Deity Payal Anklet Set Deluxe,RAM-MS-030,Mukut & Shringar,259,289,115,Delicate silver-tone payal anklets with tiny jingling bells for deity murti feet decoration.,Miniature anklet bells for murti,https://images.unsplash.com/photo-1604607053070-6ede2b4c6747?w=800&auto=format&fit=crop&q=80,15,ACTIVE,false
Gold Plated Stone Studded Mukut Jumbo Inch,RAM-MS-031,Mukut & Shringar,1039,1149,67,Adjustable gold-finish stone-studded mukut crown with intricate kundan work. Perfect for Krishna and other deity murtis.,Royal crown for deity idols,https://images.unsplash.com/photo-1599643478518-a784e5dc4c8f?w=800&auto=format&fit=crop&q=80,148,ACTIVE,false
Silver Finish Deity Mukut Crown Large Inch,RAM-MS-032,Mukut & Shringar,609,769,41,"High-quality silver-plated mukut with pearl and crystal embellishments for Shiva, Ganesh, and other deities.",Elegant silver-tone deity crown,https://images.unsplash.com/photo-1617627143750-d86bc21e42bb?w=800&auto=format&fit=crop&q=80,45,ACTIVE,false
Brass Bansuri (Flute) for Krishna Premium Inch,RAM-MS-033,Mukut & Shringar,519,599,128,Handcrafted brass bansuri with golden finish for Krishna murti shringar. Detailed finger holes and mouthpiece.,Decorative brass flute for Lord Krishna,https://images.unsplash.com/photo-1604607053070-6ede2b4c6747?w=800&auto=format&fit=crop&q=80,34,ACTIVE,false
Deity Necklace Haar Set Traditional,RAM-MS-034,Mukut & Shringar,1389,1689,109,Intricate miniature necklace haar set with matching earrings and tikka for deity shringar decoration.,Miniature jewelry set for murti,https://images.unsplash.com/photo-1599643478518-a784e5dc4c8f?w=800&auto=format&fit=crop&q=80,40,ACTIVE,false
Kamar Bandh (Waist Belt) for Murti Premium,RAM-MS-035,Mukut & Shringar,159,189,74,Golden finish kamar bandh waist belt with hanging chains and stone work for deity murti adornment.,Decorative deity waist ornament,https://images.unsplash.com/photo-1617627143750-d86bc21e42bb?w=800&auto=format&fit=crop&q=80,26,ACTIVE,false
Meenakari Shringar Set Artisan,RAM-MS-036,Mukut & Shringar,1739,2209,31,Exquisite Meenakari enamel work shringar set in traditional Rajasthani style for deity decoration.,Rajasthani enamel work jewelry set,https://images.unsplash.com/photo-1604607053070-6ede2b4c6747?w=800&auto=format&fit=crop&q=80,20,ACTIVE,false
Deity Armlet Bajuband Pair Deluxe,RAM-MS-037,Mukut & Shringar,119,149,133,Ornate bajuband pair with spring mechanism for easy fitting on deity murti arms. Stone and pearl work.,Upper arm decoration for murti,https://images.unsplash.com/photo-1599643478518-a784e5dc4c8f?w=800&auto=format&fit=crop&q=80,14,ACTIVE,false
Chhatra Umbrella for Deity Large Inch,RAM-MS-038,Mukut & Shringar,479,589,42,Handcrafted decorative chhatra (umbrella) with velvet and golden embroidery for deity procession and mandir.,Miniature ceremonial umbrella,https://images.unsplash.com/photo-1617627143750-d86bc21e42bb?w=800&auto=format&fit=crop&q=80,148,ACTIVE,false
Morpankh (Peacock Feather) Set Royal,RAM-MS-039,Mukut & Shringar,239,289,211,Premium quality natural peacock feathers for Lord Krishna murti decoration. Ethically sourced and preserved.,Natural peacock feather for Krishna,https://images.unsplash.com/photo-1604607053070-6ede2b4c6747?w=800&auto=format&fit=crop&q=80,19,ACTIVE,false
Deity Payal Anklet Set Traditional,RAM-MS-040,Mukut & Shringar,139,179,200,Delicate silver-tone payal anklets with tiny jingling bells for deity murti feet decoration.,Miniature anklet bells for murti,https://images.unsplash.com/photo-1599643478518-a784e5dc4c8f?w=800&auto=format&fit=crop&q=80,14,ACTIVE,false
Gold Plated Stone Studded Mukut Extra Large Inch,RAM-MS-041,Mukut & Shringar,759,919,50,Adjustable gold-finish stone-studded mukut crown with intricate kundan work. Perfect for Krishna and other deity murtis.,Royal crown for deity idols,https://images.unsplash.com/photo-1617627143750-d86bc21e42bb?w=800&auto=format&fit=crop&q=80,84,ACTIVE,false
Silver Finish Deity Mukut Crown Jumbo Inch,RAM-MS-042,Mukut & Shringar,1859,2439,68,"High-quality silver-plated mukut with pearl and crystal embellishments for Shiva, Ganesh, and other deities.",Elegant silver-tone deity crown,https://images.unsplash.com/photo-1604607053070-6ede2b4c6747?w=800&auto=format&fit=crop&q=80,96,ACTIVE,false
Brass Bansuri (Flute) for Krishna Jumbo Inch,RAM-MS-043,Mukut & Shringar,279,359,38,Handcrafted brass bansuri with golden finish for Krishna murti shringar. Detailed finger holes and mouthpiece.,Decorative brass flute for Lord Krishna,https://images.unsplash.com/photo-1599643478518-a784e5dc4c8f?w=800&auto=format&fit=crop&q=80,84,ACTIVE,false
Deity Necklace Haar Set Deluxe,RAM-MS-044,Mukut & Shringar,1379,1739,92,Intricate miniature necklace haar set with matching earrings and tikka for deity shringar decoration.,Miniature jewelry set for murti,https://images.unsplash.com/photo-1617627143750-d86bc21e42bb?w=800&auto=format&fit=crop&q=80,21,ACTIVE,false
Kamar Bandh (Waist Belt) for Murti Medium,RAM-MS-045,Mukut & Shringar,669,849,92,Golden finish kamar bandh waist belt with hanging chains and stone work for deity murti adornment.,Decorative deity waist ornament,https://images.unsplash.com/photo-1604607053070-6ede2b4c6747?w=800&auto=format&fit=crop&q=80,38,ACTIVE,false
Meenakari Shringar Set Sacred,RAM-MS-046,Mukut & Shringar,1629,2169,57,Exquisite Meenakari enamel work shringar set in traditional Rajasthani style for deity decoration.,Rajasthani enamel work jewelry set,https://images.unsplash.com/photo-1599643478518-a784e5dc4c8f?w=800&auto=format&fit=crop&q=80,38,ACTIVE,false
Deity Armlet Bajuband Pair Handcrafted,RAM-MS-047,Mukut & Shringar,359,479,37,Ornate bajuband pair with spring mechanism for easy fitting on deity murti arms. Stone and pearl work.,Upper arm decoration for murti,https://images.unsplash.com/photo-1617627143750-d86bc21e42bb?w=800&auto=format&fit=crop&q=80,15,ACTIVE,false
Chhatra Umbrella for Deity Standard Inch,RAM-MS-048,Mukut & Shringar,1179,1529,28,Handcrafted decorative chhatra (umbrella) with velvet and golden embroidery for deity procession and mandir.,Miniature ceremonial umbrella,https://images.unsplash.com/photo-1604607053070-6ede2b4c6747?w=800&auto=format&fit=crop&q=80,143,ACTIVE,false
Morpankh (Peacock Feather) Set Classic,RAM-MS-049,Mukut & Shringar,79,99,96,Premium quality natural peacock feathers for Lord Krishna murti decoration. Ethically sourced and preserved.,Natural peacock feather for Krishna,https://images.unsplash.com/photo-1599643478518-a784e5dc4c8f?w=800&auto=format&fit=crop&q=80,20,ACTIVE,false
Deity Payal Anklet Set Classic,RAM-MS-050,Mukut & Shringar,269,339,158,Delicate silver-tone payal anklets with tiny jingling bells for deity murti feet decoration.,Miniature anklet bells for murti,https://images.unsplash.com/photo-1617627143750-d86bc21e42bb?w=800&auto=format&fit=crop&q=80,15,ACTIVE,false
5 Mukhi Rudraksha Japa Mala 108+1 Beads Artisan,RAM-ML-001,Mala,1349,1799,78,Lab-certified genuine 5 mukhi Nepali Rudraksha beads strung in traditional red silk thread. 108+1 beads for japa meditation.,Certified Nepali Rudraksha prayer mala,https://images.unsplash.com/photo-1599643478518-a784e5dc4c8f?w=800&auto=format&fit=crop&q=80,53,ACTIVE,true
Tulsi Japa Mala Royal Beads,RAM-ML-002,Mala,689,859,55,Hand-carved original tulsi (holy basil) wood beads strung on silk thread. Sacred for Vaishnavite devotees and daily jaap.,Holy basil wood meditation mala,https://images.unsplash.com/photo-1571406252241-db0280bd36cd?w=800&auto=format&fit=crop&q=80,24,ACTIVE,true
Sphatik (Crystal Quartz) Mala Temple Grade,RAM-ML-003,Mala,1349,1809,63,Premium quality natural sphatik (crystal quartz) mala with transparent beads. Ideal for Devi puja and spiritual healing.,Natural crystal quartz prayer mala,https://images.unsplash.com/photo-1590249350651-28a2c5aa0de3?w=800&auto=format&fit=crop&q=80,45,ACTIVE,true
Sandalwood (Chandan) Mala Jumbomm Beads,RAM-ML-004,Mala,2709,3009,29,Genuine Mysore sandalwood mala with natural fragrance that deepens with meditation. Calming and spiritual aid.,Fragrant sandalwood meditation beads,https://images.unsplash.com/photo-1599643478518-a784e5dc4c8f?w=800&auto=format&fit=crop&q=80,66,ACTIVE,false
White Vaijanti Mala Artisan,RAM-ML-005,Mala,579,719,80,Natural white vaijanti beads mala sacred to Lord Vishnu. Used for Vishnu Sahasranama and Narayana mantra jaap.,Sacred Job's tears seed mala,https://images.unsplash.com/photo-1571406252241-db0280bd36cd?w=800&auto=format&fit=crop&q=80,22,ACTIVE,false
Red Coral (Moonga) Mala Heritage,RAM-ML-006,Mala,639,779,31,Authentic red coral (moonga) bead mala for Mangal (Mars) graha shanti puja and astrological remedies.,Natural red coral prayer mala,https://images.unsplash.com/photo-1590249350651-28a2c5aa0de3?w=800&auto=format&fit=crop&q=80,49,ACTIVE,false
Black Agate (Hakik) Mala Classic,RAM-ML-007,Mala,459,559,40,Polished natural black hakik (agate) mala for protection and grounding meditation. 108+1 beads on silk cord.,Semi-precious black onyx prayer mala,https://images.unsplash.com/photo-1599643478518-a784e5dc4c8f?w=800&auto=format&fit=crop&q=80,55,ACTIVE,false
Lotus Seed (Kamal Gatta) Mala Traditional,RAM-ML-008,Mala,159,179,79,Natural dried lotus seed mala sacred for Lakshmi puja. Each seed represents purity and spiritual awakening.,Dried lotus seed meditation beads,https://images.unsplash.com/photo-1571406252241-db0280bd36cd?w=800&auto=format&fit=crop&q=80,36,ACTIVE,false
Tiger Eye Stone Mala Royal,RAM-ML-009,Mala,1009,1369,44,"Polished natural tiger eye semi-precious stone mala for courage, confidence, and spiritual protection.",Natural tiger eye crystal mala,https://images.unsplash.com/photo-1590249350651-28a2c5aa0de3?w=800&auto=format&fit=crop&q=80,51,ACTIVE,false
Navratna (Nine Gem) Bracelet Mala Handcrafted,RAM-ML-010,Mala,849,1129,38,Genuine navratna bracelet with 9 natural gemstones representing all 9 planets for astrological harmony.,Nine-gem astrological bracelet,https://images.unsplash.com/photo-1599643478518-a784e5dc4c8f?w=800&auto=format&fit=crop&q=80,35,ACTIVE,false
Pearl (Moti) Mala Premium,RAM-ML-011,Mala,1469,1689,77,Genuine freshwater pearl mala for Chandra (Moon) planet remedies and calming meditation practice.,Natural freshwater pearl mala,https://images.unsplash.com/photo-1571406252241-db0280bd36cd?w=800&auto=format&fit=crop&q=80,56,ACTIVE,false
5 Mukhi Rudraksha Japa Mala 108+1 Beads Temple Grade,RAM-ML-012,Mala,949,1109,84,Lab-certified genuine 5 mukhi Nepali Rudraksha beads strung in traditional red silk thread. 108+1 beads for japa meditation.,Certified Nepali Rudraksha prayer mala,https://images.unsplash.com/photo-1590249350651-28a2c5aa0de3?w=800&auto=format&fit=crop&q=80,59,ACTIVE,false
Tulsi Japa Mala Handcrafted Beads,RAM-ML-013,Mala,139,169,31,Hand-carved original tulsi (holy basil) wood beads strung on silk thread. Sacred for Vaishnavite devotees and daily jaap.,Holy basil wood meditation mala,https://images.unsplash.com/photo-1599643478518-a784e5dc4c8f?w=800&auto=format&fit=crop&q=80,24,ACTIVE,false
Sphatik (Crystal Quartz) Mala Sacred,RAM-ML-014,Mala,929,1089,52,Premium quality natural sphatik (crystal quartz) mala with transparent beads. Ideal for Devi puja and spiritual healing.,Natural crystal quartz prayer mala,https://images.unsplash.com/photo-1571406252241-db0280bd36cd?w=800&auto=format&fit=crop&q=80,114,ACTIVE,false
Sandalwood (Chandan) Mala Standardmm Beads,RAM-ML-015,Mala,1869,2359,73,Genuine Mysore sandalwood mala with natural fragrance that deepens with meditation. Calming and spiritual aid.,Fragrant sandalwood meditation beads,https://images.unsplash.com/photo-1590249350651-28a2c5aa0de3?w=800&auto=format&fit=crop&q=80,20,ACTIVE,false
White Vaijanti Mala Premium,RAM-ML-016,Mala,239,279,64,Natural white vaijanti beads mala sacred to Lord Vishnu. Used for Vishnu Sahasranama and Narayana mantra jaap.,Sacred Job's tears seed mala,https://images.unsplash.com/photo-1599643478518-a784e5dc4c8f?w=800&auto=format&fit=crop&q=80,37,ACTIVE,false
Red Coral (Moonga) Mala Temple Grade,RAM-ML-017,Mala,3719,4649,28,Authentic red coral (moonga) bead mala for Mangal (Mars) graha shanti puja and astrological remedies.,Natural red coral prayer mala,https://images.unsplash.com/photo-1571406252241-db0280bd36cd?w=800&auto=format&fit=crop&q=80,34,ACTIVE,false
Black Agate (Hakik) Mala Handcrafted,RAM-ML-018,Mala,899,1059,80,Polished natural black hakik (agate) mala for protection and grounding meditation. 108+1 beads on silk cord.,Semi-precious black onyx prayer mala,https://images.unsplash.com/photo-1590249350651-28a2c5aa0de3?w=800&auto=format&fit=crop&q=80,71,ACTIVE,false
Lotus Seed (Kamal Gatta) Mala Classic,RAM-ML-019,Mala,449,559,79,Natural dried lotus seed mala sacred for Lakshmi puja. Each seed represents purity and spiritual awakening.,Dried lotus seed meditation beads,https://images.unsplash.com/photo-1599643478518-a784e5dc4c8f?w=800&auto=format&fit=crop&q=80,19,ACTIVE,false
Tiger Eye Stone Mala Sacred,RAM-ML-020,Mala,899,1069,75,"Polished natural tiger eye semi-precious stone mala for courage, confidence, and spiritual protection.",Natural tiger eye crystal mala,https://images.unsplash.com/photo-1571406252241-db0280bd36cd?w=800&auto=format&fit=crop&q=80,53,ACTIVE,false
Navratna (Nine Gem) Bracelet Mala Temple Grade,RAM-ML-021,Mala,2189,2679,16,Genuine navratna bracelet with 9 natural gemstones representing all 9 planets for astrological harmony.,Nine-gem astrological bracelet,https://images.unsplash.com/photo-1590249350651-28a2c5aa0de3?w=800&auto=format&fit=crop&q=80,35,ACTIVE,false
Pearl (Moti) Mala Royal,RAM-ML-022,Mala,1959,2429,32,Genuine freshwater pearl mala for Chandra (Moon) planet remedies and calming meditation practice.,Natural freshwater pearl mala,https://images.unsplash.com/photo-1599643478518-a784e5dc4c8f?w=800&auto=format&fit=crop&q=80,58,ACTIVE,false
5 Mukhi Rudraksha Japa Mala 108+1 Beads Traditional,RAM-ML-023,Mala,2289,2979,25,Lab-certified genuine 5 mukhi Nepali Rudraksha beads strung in traditional red silk thread. 108+1 beads for japa meditation.,Certified Nepali Rudraksha prayer mala,https://images.unsplash.com/photo-1571406252241-db0280bd36cd?w=800&auto=format&fit=crop&q=80,87,ACTIVE,false
Tulsi Japa Mala Deluxe Beads,RAM-ML-024,Mala,539,729,115,Hand-carved original tulsi (holy basil) wood beads strung on silk thread. Sacred for Vaishnavite devotees and daily jaap.,Holy basil wood meditation mala,https://images.unsplash.com/photo-1590249350651-28a2c5aa0de3?w=800&auto=format&fit=crop&q=80,23,ACTIVE,false
Sphatik (Crystal Quartz) Mala Artisan,RAM-ML-025,Mala,909,1119,66,Premium quality natural sphatik (crystal quartz) mala with transparent beads. Ideal for Devi puja and spiritual healing.,Natural crystal quartz prayer mala,https://images.unsplash.com/photo-1599643478518-a784e5dc4c8f?w=800&auto=format&fit=crop&q=80,37,ACTIVE,false
Sandalwood (Chandan) Mala Mediummm Beads,RAM-ML-026,Mala,1679,1999,25,Genuine Mysore sandalwood mala with natural fragrance that deepens with meditation. Calming and spiritual aid.,Fragrant sandalwood meditation beads,https://images.unsplash.com/photo-1571406252241-db0280bd36cd?w=800&auto=format&fit=crop&q=80,63,ACTIVE,false
White Vaijanti Mala Royal,RAM-ML-027,Mala,269,329,64,Natural white vaijanti beads mala sacred to Lord Vishnu. Used for Vishnu Sahasranama and Narayana mantra jaap.,Sacred Job's tears seed mala,https://images.unsplash.com/photo-1590249350651-28a2c5aa0de3?w=800&auto=format&fit=crop&q=80,37,ACTIVE,false
Red Coral (Moonga) Mala Classic,RAM-ML-028,Mala,3329,3699,33,Authentic red coral (moonga) bead mala for Mangal (Mars) graha shanti puja and astrological remedies.,Natural red coral prayer mala,https://images.unsplash.com/photo-1599643478518-a784e5dc4c8f?w=800&auto=format&fit=crop&q=80,25,ACTIVE,false
Black Agate (Hakik) Mala Heritage,RAM-ML-029,Mala,1489,1899,78,Polished natural black hakik (agate) mala for protection and grounding meditation. 108+1 beads on silk cord.,Semi-precious black onyx prayer mala,https://images.unsplash.com/photo-1571406252241-db0280bd36cd?w=800&auto=format&fit=crop&q=80,86,ACTIVE,false
Lotus Seed (Kamal Gatta) Mala Artisan,RAM-ML-030,Mala,139,169,84,Natural dried lotus seed mala sacred for Lakshmi puja. Each seed represents purity and spiritual awakening.,Dried lotus seed meditation beads,https://images.unsplash.com/photo-1590249350651-28a2c5aa0de3?w=800&auto=format&fit=crop&q=80,45,ACTIVE,false
Tiger Eye Stone Mala Deluxe,RAM-ML-031,Mala,729,979,24,"Polished natural tiger eye semi-precious stone mala for courage, confidence, and spiritual protection.",Natural tiger eye crystal mala,https://images.unsplash.com/photo-1599643478518-a784e5dc4c8f?w=800&auto=format&fit=crop&q=80,43,ACTIVE,false
Navratna (Nine Gem) Bracelet Mala Sacred,RAM-ML-032,Mala,4529,4989,32,Genuine navratna bracelet with 9 natural gemstones representing all 9 planets for astrological harmony.,Nine-gem astrological bracelet,https://images.unsplash.com/photo-1571406252241-db0280bd36cd?w=800&auto=format&fit=crop&q=80,25,ACTIVE,false
Pearl (Moti) Mala Temple Grade,RAM-ML-033,Mala,1189,1599,45,Genuine freshwater pearl mala for Chandra (Moon) planet remedies and calming meditation practice.,Natural freshwater pearl mala,https://images.unsplash.com/photo-1590249350651-28a2c5aa0de3?w=800&auto=format&fit=crop&q=80,53,ACTIVE,false
5 Mukhi Rudraksha Japa Mala 108+1 Beads Classic,RAM-ML-034,Mala,2099,2539,58,Lab-certified genuine 5 mukhi Nepali Rudraksha beads strung in traditional red silk thread. 108+1 beads for japa meditation.,Certified Nepali Rudraksha prayer mala,https://images.unsplash.com/photo-1599643478518-a784e5dc4c8f?w=800&auto=format&fit=crop&q=80,48,ACTIVE,false
Tulsi Japa Mala Classic Beads,RAM-ML-035,Mala,479,559,114,Hand-carved original tulsi (holy basil) wood beads strung on silk thread. Sacred for Vaishnavite devotees and daily jaap.,Holy basil wood meditation mala,https://images.unsplash.com/photo-1571406252241-db0280bd36cd?w=800&auto=format&fit=crop&q=80,45,ACTIVE,false
Sphatik (Crystal Quartz) Mala Classic,RAM-ML-036,Mala,1109,1299,36,Premium quality natural sphatik (crystal quartz) mala with transparent beads. Ideal for Devi puja and spiritual healing.,Natural crystal quartz prayer mala,https://images.unsplash.com/photo-1590249350651-28a2c5aa0de3?w=800&auto=format&fit=crop&q=80,96,ACTIVE,false
Sandalwood (Chandan) Mala Smallmm Beads,RAM-ML-037,Mala,2189,2589,63,Genuine Mysore sandalwood mala with natural fragrance that deepens with meditation. Calming and spiritual aid.,Fragrant sandalwood meditation beads,https://images.unsplash.com/photo-1599643478518-a784e5dc4c8f?w=800&auto=format&fit=crop&q=80,34,ACTIVE,false
White Vaijanti Mala Handcrafted,RAM-ML-038,Mala,589,759,85,Natural white vaijanti beads mala sacred to Lord Vishnu. Used for Vishnu Sahasranama and Narayana mantra jaap.,Sacred Job's tears seed mala,https://images.unsplash.com/photo-1571406252241-db0280bd36cd?w=800&auto=format&fit=crop&q=80,23,ACTIVE,false
Red Coral (Moonga) Mala Artisan,RAM-ML-039,Mala,739,909,28,Authentic red coral (moonga) bead mala for Mangal (Mars) graha shanti puja and astrological remedies.,Natural red coral prayer mala,https://images.unsplash.com/photo-1590249350651-28a2c5aa0de3?w=800&auto=format&fit=crop&q=80,37,ACTIVE,false
Black Agate (Hakik) Mala Artisan,RAM-ML-040,Mala,949,1049,90,Polished natural black hakik (agate) mala for protection and grounding meditation. 108+1 beads on silk cord.,Semi-precious black onyx prayer mala,https://images.unsplash.com/photo-1599643478518-a784e5dc4c8f?w=800&auto=format&fit=crop&q=80,53,ACTIVE,false
Lotus Seed (Kamal Gatta) Mala Sacred,RAM-ML-041,Mala,119,159,133,Natural dried lotus seed mala sacred for Lakshmi puja. Each seed represents purity and spiritual awakening.,Dried lotus seed meditation beads,https://images.unsplash.com/photo-1571406252241-db0280bd36cd?w=800&auto=format&fit=crop&q=80,33,ACTIVE,false
Tiger Eye Stone Mala Classic,RAM-ML-042,Mala,1239,1409,59,"Polished natural tiger eye semi-precious stone mala for courage, confidence, and spiritual protection.",Natural tiger eye crystal mala,https://images.unsplash.com/photo-1590249350651-28a2c5aa0de3?w=800&auto=format&fit=crop&q=80,58,ACTIVE,false
Navratna (Nine Gem) Bracelet Mala Premium,RAM-ML-043,Mala,4129,5079,32,Genuine navratna bracelet with 9 natural gemstones representing all 9 planets for astrological harmony.,Nine-gem astrological bracelet,https://images.unsplash.com/photo-1599643478518-a784e5dc4c8f?w=800&auto=format&fit=crop&q=80,37,ACTIVE,false
Pearl (Moti) Mala Classic,RAM-ML-044,Mala,479,609,34,Genuine freshwater pearl mala for Chandra (Moon) planet remedies and calming meditation practice.,Natural freshwater pearl mala,https://images.unsplash.com/photo-1571406252241-db0280bd36cd?w=800&auto=format&fit=crop&q=80,40,ACTIVE,false
5 Mukhi Rudraksha Japa Mala 108+1 Beads Sacred,RAM-ML-045,Mala,1169,1519,71,Lab-certified genuine 5 mukhi Nepali Rudraksha beads strung in traditional red silk thread. 108+1 beads for japa meditation.,Certified Nepali Rudraksha prayer mala,https://images.unsplash.com/photo-1590249350651-28a2c5aa0de3?w=800&auto=format&fit=crop&q=80,36,ACTIVE,false
Tulsi Japa Mala Traditional Beads,RAM-ML-046,Mala,529,709,129,Hand-carved original tulsi (holy basil) wood beads strung on silk thread. Sacred for Vaishnavite devotees and daily jaap.,Holy basil wood meditation mala,https://images.unsplash.com/photo-1599643478518-a784e5dc4c8f?w=800&auto=format&fit=crop&q=80,24,ACTIVE,false
Sphatik (Crystal Quartz) Mala Premium,RAM-ML-047,Mala,789,1069,16,Premium quality natural sphatik (crystal quartz) mala with transparent beads. Ideal for Devi puja and spiritual healing.,Natural crystal quartz prayer mala,https://images.unsplash.com/photo-1571406252241-db0280bd36cd?w=800&auto=format&fit=crop&q=80,76,ACTIVE,false
Sandalwood (Chandan) Mala Largemm Beads,RAM-ML-048,Mala,2819,3499,52,Genuine Mysore sandalwood mala with natural fragrance that deepens with meditation. Calming and spiritual aid.,Fragrant sandalwood meditation beads,https://images.unsplash.com/photo-1590249350651-28a2c5aa0de3?w=800&auto=format&fit=crop&q=80,28,ACTIVE,false
White Vaijanti Mala Traditional,RAM-ML-049,Mala,549,609,80,Natural white vaijanti beads mala sacred to Lord Vishnu. Used for Vishnu Sahasranama and Narayana mantra jaap.,Sacred Job's tears seed mala,https://images.unsplash.com/photo-1599643478518-a784e5dc4c8f?w=800&auto=format&fit=crop&q=80,26,ACTIVE,false
Red Coral (Moonga) Mala Deluxe,RAM-ML-050,Mala,3609,4799,50,Authentic red coral (moonga) bead mala for Mangal (Mars) graha shanti puja and astrological remedies.,Natural red coral prayer mala,https://images.unsplash.com/photo-1571406252241-db0280bd36cd?w=800&auto=format&fit=crop&q=80,22,ACTIVE,false
Black Agate (Hakik) Mala Temple Grade,RAM-ML-051,Mala,639,859,87,Polished natural black hakik (agate) mala for protection and grounding meditation. 108+1 beads on silk cord.,Semi-precious black onyx prayer mala,https://images.unsplash.com/photo-1590249350651-28a2c5aa0de3?w=800&auto=format&fit=crop&q=80,73,ACTIVE,false
Lotus Seed (Kamal Gatta) Mala Handcrafted,RAM-ML-052,Mala,319,359,125,Natural dried lotus seed mala sacred for Lakshmi puja. Each seed represents purity and spiritual awakening.,Dried lotus seed meditation beads,https://images.unsplash.com/photo-1599643478518-a784e5dc4c8f?w=800&auto=format&fit=crop&q=80,42,ACTIVE,false
Tiger Eye Stone Mala Temple Grade,RAM-ML-053,Mala,1229,1579,20,"Polished natural tiger eye semi-precious stone mala for courage, confidence, and spiritual protection.",Natural tiger eye crystal mala,https://images.unsplash.com/photo-1571406252241-db0280bd36cd?w=800&auto=format&fit=crop&q=80,53,ACTIVE,false
Navratna (Nine Gem) Bracelet Mala Traditional,RAM-ML-054,Mala,3459,4259,33,Genuine navratna bracelet with 9 natural gemstones representing all 9 planets for astrological harmony.,Nine-gem astrological bracelet,https://images.unsplash.com/photo-1590249350651-28a2c5aa0de3?w=800&auto=format&fit=crop&q=80,35,ACTIVE,false
Pearl (Moti) Mala Artisan,RAM-ML-055,Mala,1739,2199,17,Genuine freshwater pearl mala for Chandra (Moon) planet remedies and calming meditation practice.,Natural freshwater pearl mala,https://images.unsplash.com/photo-1599643478518-a784e5dc4c8f?w=800&auto=format&fit=crop&q=80,29,ACTIVE,false
Brass Lord Ganesha Idol Medium Inch,RAM-MR-001,Murti,6729,7879,37,Intricately hand-carved solid brass Lord Ganesha idol in blessing posture. Each piece is unique with detailed craftsmanship.,Solid brass Ganpati murti,https://images.unsplash.com/photo-1567591416417-76348efc63c7?w=800&auto=format&fit=crop&q=80,1896,ACTIVE,true
Marble Radha Krishna Murti Jumbo Inch,RAM-MR-002,Murti,5569,6739,5,Hand-carved pure white Makrana marble Radha Krishna murti with hand-painted floral decorations and gold accents.,White marble Radha-Krishna idol,https://images.unsplash.com/photo-1585116906791-d0904fcce25e?w=800&auto=format&fit=crop&q=80,2144,ACTIVE,true
Panchdhatu Lord Shiva Idol Small Inch,RAM-MR-003,Murti,12789,17269,24,Sacred panchdhatu (five-metal alloy) Shiva idol in Dhyana (meditation) posture. Consecration-ready temple grade.,Five-metal Mahadev murti,https://images.unsplash.com/photo-1604607053070-6ede2b4c6747?w=800&auto=format&fit=crop&q=80,1215,ACTIVE,true
Brass Laddu Gopal Baby Krishna Small No,RAM-MR-004,Murti,2179,2769,29,Adorable solid brass Laddu Gopal baby Krishna murti with butter pot. Perfect for home puja and shringar.,Playful baby Krishna brass idol,https://images.unsplash.com/photo-1545232979-fbf5d96b1b44?w=800&auto=format&fit=crop&q=80,700,ACTIVE,false
Resin Hanuman Ji Idol Extra Large Inch,RAM-MR-005,Murti,4169,4879,27,High-detail sculpted resin Lord Hanuman idol in Veera (heroic) posture. Hand-painted with antique bronze finish.,Detailed Bajrangbali resin statue,https://images.unsplash.com/photo-1567591416417-76348efc63c7?w=800&auto=format&fit=crop&q=80,1493,ACTIVE,false
White Marble Lakshmi Ganesh Murti Jumbo Inch,RAM-MR-006,Murti,21689,24729,8,Hand-carved Makrana marble Lakshmi Ganesh pair murti for Diwali puja and prosperity. Gold leaf detailing.,Auspicious Lakshmi-Ganesh pair,https://images.unsplash.com/photo-1585116906791-d0904fcce25e?w=800&auto=format&fit=crop&q=80,4172,ACTIVE,false
Brass Durga Maa Idol Medium Inch,RAM-MR-007,Murti,13309,14909,6,Powerful solid brass Durga Maa idol depicting Mahishasura Mardini form. Eight-armed with all divine weapons.,Solid brass Durga Devi murti,https://images.unsplash.com/photo-1604607053070-6ede2b4c6747?w=800&auto=format&fit=crop&q=80,4954,ACTIVE,false
Nandi Bull Brass Idol Extra Large Inch,RAM-MR-008,Murti,4919,6149,10,Hand-crafted brass Nandi bull idol in seated posture. Traditional companion piece for Shiva linga puja.,Shiva's mount Nandi brass murti,https://images.unsplash.com/photo-1545232979-fbf5d96b1b44?w=800&auto=format&fit=crop&q=80,1957,ACTIVE,false
Ram Darbar Murti Set Brass Jumbo Inch,RAM-MR-009,Murti,4719,5759,11,"Complete Ram Darbar set with Lord Ram, Sita, Lakshman, and Hanuman in brass. Ideal for Ayodhya Ram Mandir devotees.",Complete Ram family idol set,https://images.unsplash.com/photo-1567591416417-76348efc63c7?w=800&auto=format&fit=crop&q=80,734,ACTIVE,false
Crystal Shivling with Nag Compact Inch,RAM-MR-010,Murti,6249,7819,8,Polished natural sphatik (crystal quartz) Shivling with brass Nag (serpent). Energised for daily abhishekam.,Natural crystal quartz Shiva lingam,https://images.unsplash.com/photo-1585116906791-d0904fcce25e?w=800&auto=format&fit=crop&q=80,1279,ACTIVE,false
Brass Saraswati Maa Idol Extra Large Inch,RAM-MR-011,Murti,9249,11839,18,"Elegant brass Saraswati Devi idol with veena, seated on lotus. Perfect for study rooms and educational institutions.",Goddess of knowledge brass murti,https://images.unsplash.com/photo-1604607053070-6ede2b4c6747?w=800&auto=format&fit=crop&q=80,280,ACTIVE,false
Vishnu Laxmi Brass Idol Set Medium Inch,RAM-MR-012,Murti,4289,4769,6,Majestic brass Vishnu-Lakshmi seated idol pair with Garuda motif base. Detailed crown and ornament work.,Lord Vishnu with Lakshmi pair,https://images.unsplash.com/photo-1545232979-fbf5d96b1b44?w=800&auto=format&fit=crop&q=80,3711,ACTIVE,false
Brass Lord Ganesha Idol Compact Inch,RAM-MR-013,Murti,7929,10309,20,Intricately hand-carved solid brass Lord Ganesha idol in blessing posture. Each piece is unique with detailed craftsmanship.,Solid brass Ganpati murti,https://images.unsplash.com/photo-1567591416417-76348efc63c7?w=800&auto=format&fit=crop&q=80,3562,ACTIVE,false
Marble Radha Krishna Murti Medium Inch,RAM-MR-014,Murti,10429,13249,3,Hand-carved pure white Makrana marble Radha Krishna murti with hand-painted floral decorations and gold accents.,White marble Radha-Krishna idol,https://images.unsplash.com/photo-1585116906791-d0904fcce25e?w=800&auto=format&fit=crop&q=80,3428,ACTIVE,false
Panchdhatu Lord Shiva Idol Medium Inch,RAM-MR-015,Murti,14189,16319,7,Sacred panchdhatu (five-metal alloy) Shiva idol in Dhyana (meditation) posture. Consecration-ready temple grade.,Five-metal Mahadev murti,https://images.unsplash.com/photo-1604607053070-6ede2b4c6747?w=800&auto=format&fit=crop&q=80,1121,ACTIVE,false
Brass Laddu Gopal Baby Krishna Extra Large No,RAM-MR-016,Murti,449,519,41,Adorable solid brass Laddu Gopal baby Krishna murti with butter pot. Perfect for home puja and shringar.,Playful baby Krishna brass idol,https://images.unsplash.com/photo-1545232979-fbf5d96b1b44?w=800&auto=format&fit=crop&q=80,810,ACTIVE,false
Resin Hanuman Ji Idol Compact Inch,RAM-MR-017,Murti,6909,7879,33,High-detail sculpted resin Lord Hanuman idol in Veera (heroic) posture. Hand-painted with antique bronze finish.,Detailed Bajrangbali resin statue,https://images.unsplash.com/photo-1567591416417-76348efc63c7?w=800&auto=format&fit=crop&q=80,1419,ACTIVE,false
White Marble Lakshmi Ganesh Murti Premium Inch,RAM-MR-018,Murti,6199,8309,6,Hand-carved Makrana marble Lakshmi Ganesh pair murti for Diwali puja and prosperity. Gold leaf detailing.,Auspicious Lakshmi-Ganesh pair,https://images.unsplash.com/photo-1585116906791-d0904fcce25e?w=800&auto=format&fit=crop&q=80,4294,ACTIVE,false
Brass Durga Maa Idol Large Inch,RAM-MR-019,Murti,11299,12999,21,Powerful solid brass Durga Maa idol depicting Mahishasura Mardini form. Eight-armed with all divine weapons.,Solid brass Durga Devi murti,https://images.unsplash.com/photo-1604607053070-6ede2b4c6747?w=800&auto=format&fit=crop&q=80,4565,ACTIVE,false
Nandi Bull Brass Idol Jumbo Inch,RAM-MR-020,Murti,369,429,21,Hand-crafted brass Nandi bull idol in seated posture. Traditional companion piece for Shiva linga puja.,Shiva's mount Nandi brass murti,https://images.unsplash.com/photo-1545232979-fbf5d96b1b44?w=800&auto=format&fit=crop&q=80,1506,ACTIVE,false
Ram Darbar Murti Set Brass Premium Inch,RAM-MR-021,Murti,8309,10809,3,"Complete Ram Darbar set with Lord Ram, Sita, Lakshman, and Hanuman in brass. Ideal for Ayodhya Ram Mandir devotees.",Complete Ram family idol set,https://images.unsplash.com/photo-1567591416417-76348efc63c7?w=800&auto=format&fit=crop&q=80,2061,ACTIVE,false
Crystal Shivling with Nag Small Inch,RAM-MR-022,Murti,8199,9929,24,Polished natural sphatik (crystal quartz) Shivling with brass Nag (serpent). Energised for daily abhishekam.,Natural crystal quartz Shiva lingam,https://images.unsplash.com/photo-1585116906791-d0904fcce25e?w=800&auto=format&fit=crop&q=80,903,ACTIVE,false
Brass Saraswati Maa Idol Compact Inch,RAM-MR-023,Murti,8979,10779,9,"Elegant brass Saraswati Devi idol with veena, seated on lotus. Perfect for study rooms and educational institutions.",Goddess of knowledge brass murti,https://images.unsplash.com/photo-1604607053070-6ede2b4c6747?w=800&auto=format&fit=crop&q=80,206,ACTIVE,false
Vishnu Laxmi Brass Idol Set Compact Inch,RAM-MR-024,Murti,11859,15899,17,Majestic brass Vishnu-Lakshmi seated idol pair with Garuda motif base. Detailed crown and ornament work.,Lord Vishnu with Lakshmi pair,https://images.unsplash.com/photo-1545232979-fbf5d96b1b44?w=800&auto=format&fit=crop&q=80,3881,ACTIVE,false
Brass Lord Ganesha Idol Large Inch,RAM-MR-025,Murti,11359,12499,36,Intricately hand-carved solid brass Lord Ganesha idol in blessing posture. Each piece is unique with detailed craftsmanship.,Solid brass Ganpati murti,https://images.unsplash.com/photo-1567591416417-76348efc63c7?w=800&auto=format&fit=crop&q=80,3273,ACTIVE,false
Marble Radha Krishna Murti Extra Large Inch,RAM-MR-026,Murti,1189,1469,9,Hand-carved pure white Makrana marble Radha Krishna murti with hand-painted floral decorations and gold accents.,White marble Radha-Krishna idol,https://images.unsplash.com/photo-1585116906791-d0904fcce25e?w=800&auto=format&fit=crop&q=80,1658,ACTIVE,false
Panchdhatu Lord Shiva Idol Large Inch,RAM-MR-027,Murti,6389,7219,10,Sacred panchdhatu (five-metal alloy) Shiva idol in Dhyana (meditation) posture. Consecration-ready temple grade.,Five-metal Mahadev murti,https://images.unsplash.com/photo-1604607053070-6ede2b4c6747?w=800&auto=format&fit=crop&q=80,1422,ACTIVE,false
Brass Laddu Gopal Baby Krishna Standard No,RAM-MR-028,Murti,3029,3999,25,Adorable solid brass Laddu Gopal baby Krishna murti with butter pot. Perfect for home puja and shringar.,Playful baby Krishna brass idol,https://images.unsplash.com/photo-1545232979-fbf5d96b1b44?w=800&auto=format&fit=crop&q=80,1133,ACTIVE,false
Resin Hanuman Ji Idol Premium Inch,RAM-MR-029,Murti,5639,7389,22,High-detail sculpted resin Lord Hanuman idol in Veera (heroic) posture. Hand-painted with antique bronze finish.,Detailed Bajrangbali resin statue,https://images.unsplash.com/photo-1567591416417-76348efc63c7?w=800&auto=format&fit=crop&q=80,806,ACTIVE,false
White Marble Lakshmi Ganesh Murti Compact Inch,RAM-MR-030,Murti,7489,9519,15,Hand-carved Makrana marble Lakshmi Ganesh pair murti for Diwali puja and prosperity. Gold leaf detailing.,Auspicious Lakshmi-Ganesh pair,https://images.unsplash.com/photo-1585116906791-d0904fcce25e?w=800&auto=format&fit=crop&q=80,7086,ACTIVE,false
Brass Durga Maa Idol Standard Inch,RAM-MR-031,Murti,6089,7429,5,Powerful solid brass Durga Maa idol depicting Mahishasura Mardini form. Eight-armed with all divine weapons.,Solid brass Durga Devi murti,https://images.unsplash.com/photo-1604607053070-6ede2b4c6747?w=800&auto=format&fit=crop&q=80,524,ACTIVE,false
Nandi Bull Brass Idol Small Inch,RAM-MR-032,Murti,559,759,8,Hand-crafted brass Nandi bull idol in seated posture. Traditional companion piece for Shiva linga puja.,Shiva's mount Nandi brass murti,https://images.unsplash.com/photo-1545232979-fbf5d96b1b44?w=800&auto=format&fit=crop&q=80,513,ACTIVE,false
Ram Darbar Murti Set Brass Small Inch,RAM-MR-033,Murti,11689,15079,11,"Complete Ram Darbar set with Lord Ram, Sita, Lakshman, and Hanuman in brass. Ideal for Ayodhya Ram Mandir devotees.",Complete Ram family idol set,https://images.unsplash.com/photo-1567591416417-76348efc63c7?w=800&auto=format&fit=crop&q=80,3822,ACTIVE,false
Crystal Shivling with Nag Premium Inch,RAM-MR-034,Murti,2619,3359,19,Polished natural sphatik (crystal quartz) Shivling with brass Nag (serpent). Energised for daily abhishekam.,Natural crystal quartz Shiva lingam,https://images.unsplash.com/photo-1585116906791-d0904fcce25e?w=800&auto=format&fit=crop&q=80,930,ACTIVE,false
Brass Saraswati Maa Idol Jumbo Inch,RAM-MR-035,Murti,4119,4539,23,"Elegant brass Saraswati Devi idol with veena, seated on lotus. Perfect for study rooms and educational institutions.",Goddess of knowledge brass murti,https://images.unsplash.com/photo-1604607053070-6ede2b4c6747?w=800&auto=format&fit=crop&q=80,829,ACTIVE,false
Vishnu Laxmi Brass Idol Set Premium Inch,RAM-MR-036,Murti,10389,12469,6,Majestic brass Vishnu-Lakshmi seated idol pair with Garuda motif base. Detailed crown and ornament work.,Lord Vishnu with Lakshmi pair,https://images.unsplash.com/photo-1545232979-fbf5d96b1b44?w=800&auto=format&fit=crop&q=80,3340,ACTIVE,false
Brass Lord Ganesha Idol Extra Large Inch,RAM-MR-037,Murti,9509,12079,15,Intricately hand-carved solid brass Lord Ganesha idol in blessing posture. Each piece is unique with detailed craftsmanship.,Solid brass Ganpati murti,https://images.unsplash.com/photo-1567591416417-76348efc63c7?w=800&auto=format&fit=crop&q=80,3875,ACTIVE,false
Marble Radha Krishna Murti Compact Inch,RAM-MR-038,Murti,7919,9029,3,Hand-carved pure white Makrana marble Radha Krishna murti with hand-painted floral decorations and gold accents.,White marble Radha-Krishna idol,https://images.unsplash.com/photo-1585116906791-d0904fcce25e?w=800&auto=format&fit=crop&q=80,1960,ACTIVE,false
Panchdhatu Lord Shiva Idol Standard Inch,RAM-MR-039,Murti,2449,3069,6,Sacred panchdhatu (five-metal alloy) Shiva idol in Dhyana (meditation) posture. Consecration-ready temple grade.,Five-metal Mahadev murti,https://images.unsplash.com/photo-1604607053070-6ede2b4c6747?w=800&auto=format&fit=crop&q=80,3846,ACTIVE,false
Brass Laddu Gopal Baby Krishna Large No,RAM-MR-040,Murti,3519,4119,37,Adorable solid brass Laddu Gopal baby Krishna murti with butter pot. Perfect for home puja and shringar.,Playful baby Krishna brass idol,https://images.unsplash.com/photo-1545232979-fbf5d96b1b44?w=800&auto=format&fit=crop&q=80,855,ACTIVE,false
Resin Hanuman Ji Idol Large Inch,RAM-MR-041,Murti,5499,6549,14,High-detail sculpted resin Lord Hanuman idol in Veera (heroic) posture. Hand-painted with antique bronze finish.,Detailed Bajrangbali resin statue,https://images.unsplash.com/photo-1567591416417-76348efc63c7?w=800&auto=format&fit=crop&q=80,986,ACTIVE,false
White Marble Lakshmi Ganesh Murti Standard Inch,RAM-MR-042,Murti,4479,5469,5,Hand-carved Makrana marble Lakshmi Ganesh pair murti for Diwali puja and prosperity. Gold leaf detailing.,Auspicious Lakshmi-Ganesh pair,https://images.unsplash.com/photo-1585116906791-d0904fcce25e?w=800&auto=format&fit=crop&q=80,6639,ACTIVE,false
Brass Durga Maa Idol Extra Large Inch,RAM-MR-043,Murti,11149,12489,9,Powerful solid brass Durga Maa idol depicting Mahishasura Mardini form. Eight-armed with all divine weapons.,Solid brass Durga Devi murti,https://images.unsplash.com/photo-1604607053070-6ede2b4c6747?w=800&auto=format&fit=crop&q=80,3115,ACTIVE,false
Nandi Bull Brass Idol Premium Inch,RAM-MR-044,Murti,799,939,24,Hand-crafted brass Nandi bull idol in seated posture. Traditional companion piece for Shiva linga puja.,Shiva's mount Nandi brass murti,https://images.unsplash.com/photo-1545232979-fbf5d96b1b44?w=800&auto=format&fit=crop&q=80,1575,ACTIVE,false
Ram Darbar Murti Set Brass Standard Inch,RAM-MR-045,Murti,2409,2919,12,"Complete Ram Darbar set with Lord Ram, Sita, Lakshman, and Hanuman in brass. Ideal for Ayodhya Ram Mandir devotees.",Complete Ram family idol set,https://images.unsplash.com/photo-1567591416417-76348efc63c7?w=800&auto=format&fit=crop&q=80,1833,ACTIVE,false
Crystal Shivling with Nag Standard Inch,RAM-MR-046,Murti,3499,4029,20,Polished natural sphatik (crystal quartz) Shivling with brass Nag (serpent). Energised for daily abhishekam.,Natural crystal quartz Shiva lingam,https://images.unsplash.com/photo-1585116906791-d0904fcce25e?w=800&auto=format&fit=crop&q=80,514,ACTIVE,false
Brass Saraswati Maa Idol Medium Inch,RAM-MR-047,Murti,7169,7959,10,"Elegant brass Saraswati Devi idol with veena, seated on lotus. Perfect for study rooms and educational institutions.",Goddess of knowledge brass murti,https://images.unsplash.com/photo-1604607053070-6ede2b4c6747?w=800&auto=format&fit=crop&q=80,795,ACTIVE,false
Vishnu Laxmi Brass Idol Set Extra Large Inch,RAM-MR-048,Murti,4599,5569,9,Majestic brass Vishnu-Lakshmi seated idol pair with Garuda motif base. Detailed crown and ornament work.,Lord Vishnu with Lakshmi pair,https://images.unsplash.com/photo-1545232979-fbf5d96b1b44?w=800&auto=format&fit=crop&q=80,3260,ACTIVE,false
Brass Lord Ganesha Idol Premium Inch,RAM-MR-049,Murti,1519,2039,38,Intricately hand-carved solid brass Lord Ganesha idol in blessing posture. Each piece is unique with detailed craftsmanship.,Solid brass Ganpati murti,https://images.unsplash.com/photo-1567591416417-76348efc63c7?w=800&auto=format&fit=crop&q=80,2322,ACTIVE,false
Marble Radha Krishna Murti Standard Inch,RAM-MR-050,Murti,19379,23649,12,Hand-carved pure white Makrana marble Radha Krishna murti with hand-painted floral decorations and gold accents.,White marble Radha-Krishna idol,https://images.unsplash.com/photo-1585116906791-d0904fcce25e?w=800&auto=format&fit=crop&q=80,3740,ACTIVE,false
Panchdhatu Lord Shiva Idol Extra Large Inch,RAM-MR-051,Murti,10539,13069,8,Sacred panchdhatu (five-metal alloy) Shiva idol in Dhyana (meditation) posture. Consecration-ready temple grade.,Five-metal Mahadev murti,https://images.unsplash.com/photo-1604607053070-6ede2b4c6747?w=800&auto=format&fit=crop&q=80,2348,ACTIVE,false
Brass Laddu Gopal Baby Krishna Premium No,RAM-MR-052,Murti,359,399,44,Adorable solid brass Laddu Gopal baby Krishna murti with butter pot. Perfect for home puja and shringar.,Playful baby Krishna brass idol,https://images.unsplash.com/photo-1545232979-fbf5d96b1b44?w=800&auto=format&fit=crop&q=80,493,ACTIVE,false
Resin Hanuman Ji Idol Jumbo Inch,RAM-MR-053,Murti,2849,3169,26,High-detail sculpted resin Lord Hanuman idol in Veera (heroic) posture. Hand-painted with antique bronze finish.,Detailed Bajrangbali resin statue,https://images.unsplash.com/photo-1567591416417-76348efc63c7?w=800&auto=format&fit=crop&q=80,951,ACTIVE,false
White Marble Lakshmi Ganesh Murti Large Inch,RAM-MR-054,Murti,11009,12999,12,Hand-carved Makrana marble Lakshmi Ganesh pair murti for Diwali puja and prosperity. Gold leaf detailing.,Auspicious Lakshmi-Ganesh pair,https://images.unsplash.com/photo-1585116906791-d0904fcce25e?w=800&auto=format&fit=crop&q=80,9365,ACTIVE,false
Brass Durga Maa Idol Small Inch,RAM-MR-055,Murti,11809,15469,19,Powerful solid brass Durga Maa idol depicting Mahishasura Mardini form. Eight-armed with all divine weapons.,Solid brass Durga Devi murti,https://images.unsplash.com/photo-1604607053070-6ede2b4c6747?w=800&auto=format&fit=crop&q=80,3542,ACTIVE,false
Nandi Bull Brass Idol Large Inch,RAM-MR-056,Murti,2589,3399,12,Hand-crafted brass Nandi bull idol in seated posture. Traditional companion piece for Shiva linga puja.,Shiva's mount Nandi brass murti,https://images.unsplash.com/photo-1545232979-fbf5d96b1b44?w=800&auto=format&fit=crop&q=80,372,ACTIVE,false
Ram Darbar Murti Set Brass Large Inch,RAM-MR-057,Murti,10769,14219,11,"Complete Ram Darbar set with Lord Ram, Sita, Lakshman, and Hanuman in brass. Ideal for Ayodhya Ram Mandir devotees.",Complete Ram family idol set,https://images.unsplash.com/photo-1567591416417-76348efc63c7?w=800&auto=format&fit=crop&q=80,3696,ACTIVE,false
Crystal Shivling with Nag Medium Inch,RAM-MR-058,Murti,7129,8129,10,Polished natural sphatik (crystal quartz) Shivling with brass Nag (serpent). Energised for daily abhishekam.,Natural crystal quartz Shiva lingam,https://images.unsplash.com/photo-1585116906791-d0904fcce25e?w=800&auto=format&fit=crop&q=80,1173,ACTIVE,false
Brass Saraswati Maa Idol Small Inch,RAM-MR-059,Murti,2729,3229,26,"Elegant brass Saraswati Devi idol with veena, seated on lotus. Perfect for study rooms and educational institutions.",Goddess of knowledge brass murti,https://images.unsplash.com/photo-1604607053070-6ede2b4c6747?w=800&auto=format&fit=crop&q=80,2923,ACTIVE,false
Vishnu Laxmi Brass Idol Set Large Inch,RAM-MR-060,Murti,8409,9839,17,Majestic brass Vishnu-Lakshmi seated idol pair with Garuda motif base. Detailed crown and ornament work.,Lord Vishnu with Lakshmi pair,https://images.unsplash.com/photo-1545232979-fbf5d96b1b44?w=800&auto=format&fit=crop&q=80,2890,ACTIVE,false
Sheesham Wood Home Temple Traditional Extra Large,RAM-MN-001,Mandir,3999,4759,6,"Handcrafted solid sheesham (Indian rosewood) home mandir with carved dome, dual doors, and storage shelf.",Solid sheesham wood pooja mandir,https://images.unsplash.com/photo-1545232979-fbf5d96b1b44?w=800&auto=format&fit=crop&q=80,12095,ACTIVE,true
Wall Mounted Wooden Mandir Premium,RAM-MN-002,Mandir,8099,10609,21,Elegant wall-mountable wooden mandir with LED backlight and carved lattice doors. Perfect for compact spaces.,Space-saving wall-mount temple,https://images.unsplash.com/photo-1604607053070-6ede2b4c6747?w=800&auto=format&fit=crop&q=80,4763,ACTIVE,true
Marble Home Temple Premium Inch,RAM-MN-003,Mandir,45909,53719,3,Exquisite hand-carved white marble home temple with traditional Rajasthani jharokha design and dome.,White marble carved mandir,https://images.unsplash.com/photo-1605649461121-e82138c51b7e?w=800&auto=format&fit=crop&q=80,25452,ACTIVE,true
Teakwood Pooja Cabinet Classic,RAM-MN-004,Mandir,6669,8669,10,"Premium Burma teakwood pooja cabinet with multiple deity shelves, drawer storage, and golden fittings.",Premium teak wood temple cabinet,https://images.unsplash.com/photo-1545232979-fbf5d96b1b44?w=800&auto=format&fit=crop&q=80,5942,ACTIVE,false
MDF Engineered Wood Mandir Temple Grade,RAM-MN-005,Mandir,4759,5289,12,"Contemporary design MDF engineered wood mandir with built-in LED strips, glass shelf, and easy assembly.",Modern MDF pooja unit with LED,https://images.unsplash.com/photo-1604607053070-6ede2b4c6747?w=800&auto=format&fit=crop&q=80,7854,ACTIVE,false
Brass Tabletop Mini Mandir Jumbo Inch,RAM-MN-006,Mandir,5909,7389,13,Compact all-brass tabletop mini mandir with carved pillars and dome. Ideal for office desk or travel use.,Portable brass desktop temple,https://images.unsplash.com/photo-1605649461121-e82138c51b7e?w=800&auto=format&fit=crop&q=80,670,ACTIVE,false
Plywood Pooja Stand with Storage Traditional,RAM-MN-007,Mandir,1519,1859,14,"Budget-friendly plywood pooja stand with laminated finish, multiple shelves, and bottom drawer for samagri.",Functional plywood temple shelf,https://images.unsplash.com/photo-1545232979-fbf5d96b1b44?w=800&auto=format&fit=crop&q=80,4406,ACTIVE,false
Open Shelf Wooden Mandir Heritage,RAM-MN-008,Mandir,4939,6029,15,Minimalist open-shelf wooden mandir design allowing full visibility of deities. Modern yet traditional aesthetic.,Open-style wooden temple shelf,https://images.unsplash.com/photo-1604607053070-6ede2b4c6747?w=800&auto=format&fit=crop&q=80,2139,ACTIVE,false
Sheesham Wood Home Temple Premium Large,RAM-MN-009,Mandir,11549,14899,11,"Handcrafted solid sheesham (Indian rosewood) home mandir with carved dome, dual doors, and storage shelf.",Solid sheesham wood pooja mandir,https://images.unsplash.com/photo-1605649461121-e82138c51b7e?w=800&auto=format&fit=crop&q=80,7442,ACTIVE,false
Wall Mounted Wooden Mandir Temple Grade,RAM-MN-010,Mandir,4749,5849,11,Elegant wall-mountable wooden mandir with LED backlight and carved lattice doors. Perfect for compact spaces.,Space-saving wall-mount temple,https://images.unsplash.com/photo-1545232979-fbf5d96b1b44?w=800&auto=format&fit=crop&q=80,2799,ACTIVE,false
Marble Home Temple Large Inch,RAM-MN-011,Mandir,32289,41329,4,Exquisite hand-carved white marble home temple with traditional Rajasthani jharokha design and dome.,White marble carved mandir,https://images.unsplash.com/photo-1604607053070-6ede2b4c6747?w=800&auto=format&fit=crop&q=80,11273,ACTIVE,false
Teakwood Pooja Cabinet Heritage,RAM-MN-012,Mandir,29899,37979,12,"Premium Burma teakwood pooja cabinet with multiple deity shelves, drawer storage, and golden fittings.",Premium teak wood temple cabinet,https://images.unsplash.com/photo-1605649461121-e82138c51b7e?w=800&auto=format&fit=crop&q=80,11586,ACTIVE,false
MDF Engineered Wood Mandir Handcrafted,RAM-MN-013,Mandir,4199,5589,21,"Contemporary design MDF engineered wood mandir with built-in LED strips, glass shelf, and easy assembly.",Modern MDF pooja unit with LED,https://images.unsplash.com/photo-1545232979-fbf5d96b1b44?w=800&auto=format&fit=crop&q=80,3703,ACTIVE,false
Brass Tabletop Mini Mandir Large Inch,RAM-MN-014,Mandir,6439,7409,27,Compact all-brass tabletop mini mandir with carved pillars and dome. Ideal for office desk or travel use.,Portable brass desktop temple,https://images.unsplash.com/photo-1604607053070-6ede2b4c6747?w=800&auto=format&fit=crop&q=80,1147,ACTIVE,false
Plywood Pooja Stand with Storage Deluxe,RAM-MN-015,Mandir,2689,3639,12,"Budget-friendly plywood pooja stand with laminated finish, multiple shelves, and bottom drawer for samagri.",Functional plywood temple shelf,https://images.unsplash.com/photo-1605649461121-e82138c51b7e?w=800&auto=format&fit=crop&q=80,4152,ACTIVE,false
Open Shelf Wooden Mandir Deluxe,RAM-MN-016,Mandir,7479,9579,9,Minimalist open-shelf wooden mandir design allowing full visibility of deities. Modern yet traditional aesthetic.,Open-style wooden temple shelf,https://images.unsplash.com/photo-1545232979-fbf5d96b1b44?w=800&auto=format&fit=crop&q=80,4809,ACTIVE,false
Sheesham Wood Home Temple Royal Extra Large,RAM-MN-017,Mandir,5589,6709,11,"Handcrafted solid sheesham (Indian rosewood) home mandir with carved dome, dual doors, and storage shelf.",Solid sheesham wood pooja mandir,https://images.unsplash.com/photo-1604607053070-6ede2b4c6747?w=800&auto=format&fit=crop&q=80,14293,ACTIVE,false
Wall Mounted Wooden Mandir Classic,RAM-MN-018,Mandir,11829,13839,7,Elegant wall-mountable wooden mandir with LED backlight and carved lattice doors. Perfect for compact spaces.,Space-saving wall-mount temple,https://images.unsplash.com/photo-1605649461121-e82138c51b7e?w=800&auto=format&fit=crop&q=80,5865,ACTIVE,false
Marble Home Temple Medium Inch,RAM-MN-019,Mandir,8719,11429,3,Exquisite hand-carved white marble home temple with traditional Rajasthani jharokha design and dome.,White marble carved mandir,https://images.unsplash.com/photo-1545232979-fbf5d96b1b44?w=800&auto=format&fit=crop&q=80,29432,ACTIVE,false
Teakwood Pooja Cabinet Handcrafted,RAM-MN-020,Mandir,14559,16599,5,"Premium Burma teakwood pooja cabinet with multiple deity shelves, drawer storage, and golden fittings.",Premium teak wood temple cabinet,https://images.unsplash.com/photo-1604607053070-6ede2b4c6747?w=800&auto=format&fit=crop&q=80,13900,ACTIVE,false
MDF Engineered Wood Mandir Royal,RAM-MN-021,Mandir,4829,5799,40,"Contemporary design MDF engineered wood mandir with built-in LED strips, glass shelf, and easy assembly.",Modern MDF pooja unit with LED,https://images.unsplash.com/photo-1605649461121-e82138c51b7e?w=800&auto=format&fit=crop&q=80,3859,ACTIVE,false
Brass Tabletop Mini Mandir Extra Large Inch,RAM-MN-022,Mandir,1329,1799,19,Compact all-brass tabletop mini mandir with carved pillars and dome. Ideal for office desk or travel use.,Portable brass desktop temple,https://images.unsplash.com/photo-1545232979-fbf5d96b1b44?w=800&auto=format&fit=crop&q=80,2620,ACTIVE,false
Plywood Pooja Stand with Storage Handcrafted,RAM-MN-023,Mandir,2269,2569,31,"Budget-friendly plywood pooja stand with laminated finish, multiple shelves, and bottom drawer for samagri.",Functional plywood temple shelf,https://images.unsplash.com/photo-1604607053070-6ede2b4c6747?w=800&auto=format&fit=crop&q=80,4915,ACTIVE,false
Open Shelf Wooden Mandir Handcrafted,RAM-MN-024,Mandir,5539,7209,21,Minimalist open-shelf wooden mandir design allowing full visibility of deities. Modern yet traditional aesthetic.,Open-style wooden temple shelf,https://images.unsplash.com/photo-1605649461121-e82138c51b7e?w=800&auto=format&fit=crop&q=80,3085,ACTIVE,false
Sheesham Wood Home Temple Artisan Extra Large,RAM-MN-025,Mandir,4579,5129,14,"Handcrafted solid sheesham (Indian rosewood) home mandir with carved dome, dual doors, and storage shelf.",Solid sheesham wood pooja mandir,https://images.unsplash.com/photo-1545232979-fbf5d96b1b44?w=800&auto=format&fit=crop&q=80,13366,ACTIVE,false
Wall Mounted Wooden Mandir Traditional,RAM-MN-026,Mandir,11009,12339,18,Elegant wall-mountable wooden mandir with LED backlight and carved lattice doors. Perfect for compact spaces.,Space-saving wall-mount temple,https://images.unsplash.com/photo-1604607053070-6ede2b4c6747?w=800&auto=format&fit=crop&q=80,4396,ACTIVE,false
Marble Home Temple Extra Large Inch,RAM-MN-027,Mandir,22439,28729,7,Exquisite hand-carved white marble home temple with traditional Rajasthani jharokha design and dome.,White marble carved mandir,https://images.unsplash.com/photo-1605649461121-e82138c51b7e?w=800&auto=format&fit=crop&q=80,28643,ACTIVE,false
Teakwood Pooja Cabinet Temple Grade,RAM-MN-028,Mandir,7099,7879,4,"Premium Burma teakwood pooja cabinet with multiple deity shelves, drawer storage, and golden fittings.",Premium teak wood temple cabinet,https://images.unsplash.com/photo-1545232979-fbf5d96b1b44?w=800&auto=format&fit=crop&q=80,8555,ACTIVE,false
MDF Engineered Wood Mandir Deluxe,RAM-MN-029,Mandir,8009,8889,21,"Contemporary design MDF engineered wood mandir with built-in LED strips, glass shelf, and easy assembly.",Modern MDF pooja unit with LED,https://images.unsplash.com/photo-1604607053070-6ede2b4c6747?w=800&auto=format&fit=crop&q=80,6590,ACTIVE,false
Brass Tabletop Mini Mandir Compact Inch,RAM-MN-030,Mandir,6769,8669,13,Compact all-brass tabletop mini mandir with carved pillars and dome. Ideal for office desk or travel use.,Portable brass desktop temple,https://images.unsplash.com/photo-1605649461121-e82138c51b7e?w=800&auto=format&fit=crop&q=80,2866,ACTIVE,false
Plywood Pooja Stand with Storage Temple Grade,RAM-MN-031,Mandir,2489,2989,42,"Budget-friendly plywood pooja stand with laminated finish, multiple shelves, and bottom drawer for samagri.",Functional plywood temple shelf,https://images.unsplash.com/photo-1545232979-fbf5d96b1b44?w=800&auto=format&fit=crop&q=80,4301,ACTIVE,false
Open Shelf Wooden Mandir Royal,RAM-MN-032,Mandir,5429,6469,10,Minimalist open-shelf wooden mandir design allowing full visibility of deities. Modern yet traditional aesthetic.,Open-style wooden temple shelf,https://images.unsplash.com/photo-1604607053070-6ede2b4c6747?w=800&auto=format&fit=crop&q=80,3085,ACTIVE,false
Sheesham Wood Home Temple Premium Extra Large,RAM-MN-033,Mandir,6729,8689,13,"Handcrafted solid sheesham (Indian rosewood) home mandir with carved dome, dual doors, and storage shelf.",Solid sheesham wood pooja mandir,https://images.unsplash.com/photo-1605649461121-e82138c51b7e?w=800&auto=format&fit=crop&q=80,7306,ACTIVE,false
Wall Mounted Wooden Mandir Heritage,RAM-MN-034,Mandir,3169,3809,19,Elegant wall-mountable wooden mandir with LED backlight and carved lattice doors. Perfect for compact spaces.,Space-saving wall-mount temple,https://images.unsplash.com/photo-1545232979-fbf5d96b1b44?w=800&auto=format&fit=crop&q=80,2491,ACTIVE,false
Marble Home Temple Standard Inch,RAM-MN-035,Mandir,16869,22099,7,Exquisite hand-carved white marble home temple with traditional Rajasthani jharokha design and dome.,White marble carved mandir,https://images.unsplash.com/photo-1604607053070-6ede2b4c6747?w=800&auto=format&fit=crop&q=80,8471,ACTIVE,false
Teakwood Pooja Cabinet Traditional,RAM-MN-036,Mandir,19959,25149,12,"Premium Burma teakwood pooja cabinet with multiple deity shelves, drawer storage, and golden fittings.",Premium teak wood temple cabinet,https://images.unsplash.com/photo-1605649461121-e82138c51b7e?w=800&auto=format&fit=crop&q=80,17678,ACTIVE,false
MDF Engineered Wood Mandir Artisan,RAM-MN-037,Mandir,4589,5049,16,"Contemporary design MDF engineered wood mandir with built-in LED strips, glass shelf, and easy assembly.",Modern MDF pooja unit with LED,https://images.unsplash.com/photo-1545232979-fbf5d96b1b44?w=800&auto=format&fit=crop&q=80,6215,ACTIVE,false
Brass Tabletop Mini Mandir Premium Inch,RAM-MN-038,Mandir,3029,3459,24,Compact all-brass tabletop mini mandir with carved pillars and dome. Ideal for office desk or travel use.,Portable brass desktop temple,https://images.unsplash.com/photo-1604607053070-6ede2b4c6747?w=800&auto=format&fit=crop&q=80,2819,ACTIVE,false
Plywood Pooja Stand with Storage Classic,RAM-MN-039,Mandir,1659,2079,22,"Budget-friendly plywood pooja stand with laminated finish, multiple shelves, and bottom drawer for samagri.",Functional plywood temple shelf,https://images.unsplash.com/photo-1605649461121-e82138c51b7e?w=800&auto=format&fit=crop&q=80,4379,ACTIVE,false
Open Shelf Wooden Mandir Traditional,RAM-MN-040,Mandir,5699,7639,20,Minimalist open-shelf wooden mandir design allowing full visibility of deities. Modern yet traditional aesthetic.,Open-style wooden temple shelf,https://images.unsplash.com/photo-1545232979-fbf5d96b1b44?w=800&auto=format&fit=crop&q=80,5194,ACTIVE,false
Vamavarti Natural Blowable Shankh Compact,RAM-SB-001,Shankh & Bells,469,619,50,Authentic natural ocean shell vamavarti shankh producing deep resonant Om sound. Polished and ritual-ready.,Ocean shell blowable conch,https://images.unsplash.com/photo-1509316975850-ff9c5deb0cd9?w=800&auto=format&fit=crop&q=80,353,ACTIVE,true
Dakshinavarti Shankh Standard Inch,RAM-SB-002,Shankh & Bells,5779,7059,6,Rare natural dakshinavarti (right-turning) shankh considered highly auspicious for Lakshmi puja and prosperity.,Rare right-turning sacred conch,https://images.unsplash.com/photo-1514533450685-4493e01d1fdc?w=800&auto=format&fit=crop&q=80,1096,ACTIVE,true
Pure Brass Temple Hand Bell (Ghanti) Artisan,RAM-SB-003,Shankh & Bells,779,1009,27,Pure brass hand-held temple bell with deity motif handle. Produces clear resonant vibrations for aarti.,Resonant brass pooja bell,https://images.unsplash.com/photo-1571406252241-db0280bd36cd?w=800&auto=format&fit=crop&q=80,464,ACTIVE,true
Brass Hanging Temple Bell Traditional,RAM-SB-004,Shankh & Bells,1989,2669,50,Ornate brass hanging bell with long brass chain for temple ceiling mounting. Deep rich tone for ritual significance.,Chain-hung ornamental bell,https://images.unsplash.com/photo-1509316975850-ff9c5deb0cd9?w=800&auto=format&fit=crop&q=80,1362,ACTIVE,false
Brass Nag (Serpent) Decorated Shankh Stand,RAM-SB-005,Shankh & Bells,729,889,34,Ornamental brass Nag (cobra) stand for resting shankh during non-use. Adds royal temple aesthetic.,Decorative conch shell holder,https://images.unsplash.com/photo-1514533450685-4493e01d1fdc?w=800&auto=format&fit=crop&q=80,179,ACTIVE,false
Small Pooja Ghanti Set Temple Grade Piece,RAM-SB-006,Shankh & Bells,299,339,26,Set of small brass puja ghantis in different sizes for coordinated ringing during aarti and bhajan.,Miniature brass bell set,https://images.unsplash.com/photo-1571406252241-db0280bd36cd?w=800&auto=format&fit=crop&q=80,82,ACTIVE,false
Tibetan Singing Bowl Compact Inch,RAM-SB-007,Shankh & Bells,949,1219,33,Handcrafted Tibetan singing bowl with wooden mallet for meditation sound therapy and chakra healing sessions.,Meditation sound therapy bowl,https://images.unsplash.com/photo-1509316975850-ff9c5deb0cd9?w=800&auto=format&fit=crop&q=80,1076,ACTIVE,false
Brass Ghanta Mala (Bell Garland) Heritage,RAM-SB-008,Shankh & Bells,349,389,94,String of small brass bells (ghanta mala) for hanging on temple doors and entrances. Melodious tinkling sound.,Decorative bell string for mandir,https://images.unsplash.com/photo-1514533450685-4493e01d1fdc?w=800&auto=format&fit=crop&q=80,184,ACTIVE,false
Panchmukhi Shankh (Five-Faced Conch) Handcrafted,RAM-SB-009,Shankh & Bells,9979,13279,5,Extremely rare natural five-faced shankh for advanced Tantric and Vaishnav puja. Certified natural formation.,Rare five-opening sacred conch,https://images.unsplash.com/photo-1571406252241-db0280bd36cd?w=800&auto=format&fit=crop&q=80,800,ACTIVE,false
Vamavarti Natural Blowable Shankh Standard,RAM-SB-010,Shankh & Bells,1109,1399,38,Authentic natural ocean shell vamavarti shankh producing deep resonant Om sound. Polished and ritual-ready.,Ocean shell blowable conch,https://images.unsplash.com/photo-1509316975850-ff9c5deb0cd9?w=800&auto=format&fit=crop&q=80,599,ACTIVE,false
Dakshinavarti Shankh Extra Large Inch,RAM-SB-011,Shankh & Bells,6479,7649,8,Rare natural dakshinavarti (right-turning) shankh considered highly auspicious for Lakshmi puja and prosperity.,Rare right-turning sacred conch,https://images.unsplash.com/photo-1514533450685-4493e01d1fdc?w=800&auto=format&fit=crop&q=80,769,ACTIVE,false
Pure Brass Temple Hand Bell (Ghanti) Premium,RAM-SB-012,Shankh & Bells,1459,1779,70,Pure brass hand-held temple bell with deity motif handle. Produces clear resonant vibrations for aarti.,Resonant brass pooja bell,https://images.unsplash.com/photo-1571406252241-db0280bd36cd?w=800&auto=format&fit=crop&q=80,254,ACTIVE,false
Brass Hanging Temple Bell Classic,RAM-SB-013,Shankh & Bells,2789,3599,12,Ornate brass hanging bell with long brass chain for temple ceiling mounting. Deep rich tone for ritual significance.,Chain-hung ornamental bell,https://images.unsplash.com/photo-1509316975850-ff9c5deb0cd9?w=800&auto=format&fit=crop&q=80,568,ACTIVE,false
Brass Nag (Serpent) Decorated Shankh Stand Special 600,RAM-SB-014,Shankh & Bells,559,619,54,Ornamental brass Nag (cobra) stand for resting shankh during non-use. Adds royal temple aesthetic.,Decorative conch shell holder,https://images.unsplash.com/photo-1514533450685-4493e01d1fdc?w=800&auto=format&fit=crop&q=80,145,ACTIVE,false
Small Pooja Ghanti Set Deluxe Piece,RAM-SB-015,Shankh & Bells,479,639,79,Set of small brass puja ghantis in different sizes for coordinated ringing during aarti and bhajan.,Miniature brass bell set,https://images.unsplash.com/photo-1571406252241-db0280bd36cd?w=800&auto=format&fit=crop&q=80,179,ACTIVE,false
Tibetan Singing Bowl Medium Inch,RAM-SB-016,Shankh & Bells,3659,4359,31,Handcrafted Tibetan singing bowl with wooden mallet for meditation sound therapy and chakra healing sessions.,Meditation sound therapy bowl,https://images.unsplash.com/photo-1509316975850-ff9c5deb0cd9?w=800&auto=format&fit=crop&q=80,536,ACTIVE,false
Brass Ghanta Mala (Bell Garland) Classic,RAM-SB-017,Shankh & Bells,989,1339,43,String of small brass bells (ghanta mala) for hanging on temple doors and entrances. Melodious tinkling sound.,Decorative bell string for mandir,https://images.unsplash.com/photo-1514533450685-4493e01d1fdc?w=800&auto=format&fit=crop&q=80,304,ACTIVE,false
Panchmukhi Shankh (Five-Faced Conch) Premium,RAM-SB-018,Shankh & Bells,14139,17109,7,Extremely rare natural five-faced shankh for advanced Tantric and Vaishnav puja. Certified natural formation.,Rare five-opening sacred conch,https://images.unsplash.com/photo-1571406252241-db0280bd36cd?w=800&auto=format&fit=crop&q=80,307,ACTIVE,false
Vamavarti Natural Blowable Shankh Premium,RAM-SB-019,Shankh & Bells,589,759,49,Authentic natural ocean shell vamavarti shankh producing deep resonant Om sound. Polished and ritual-ready.,Ocean shell blowable conch,https://images.unsplash.com/photo-1509316975850-ff9c5deb0cd9?w=800&auto=format&fit=crop&q=80,441,ACTIVE,false
Dakshinavarti Shankh Large Inch,RAM-SB-020,Shankh & Bells,8249,10559,11,Rare natural dakshinavarti (right-turning) shankh considered highly auspicious for Lakshmi puja and prosperity.,Rare right-turning sacred conch,https://images.unsplash.com/photo-1514533450685-4493e01d1fdc?w=800&auto=format&fit=crop&q=80,585,ACTIVE,false
Pure Brass Temple Hand Bell (Ghanti) Traditional,RAM-SB-021,Shankh & Bells,829,1119,35,Pure brass hand-held temple bell with deity motif handle. Produces clear resonant vibrations for aarti.,Resonant brass pooja bell,https://images.unsplash.com/photo-1571406252241-db0280bd36cd?w=800&auto=format&fit=crop&q=80,450,ACTIVE,false
Brass Hanging Temple Bell Temple Grade,RAM-SB-022,Shankh & Bells,2279,2739,41,Ornate brass hanging bell with long brass chain for temple ceiling mounting. Deep rich tone for ritual significance.,Chain-hung ornamental bell,https://images.unsplash.com/photo-1509316975850-ff9c5deb0cd9?w=800&auto=format&fit=crop&q=80,684,ACTIVE,false
Brass Nag (Serpent) Decorated Shankh Stand Combo 450,RAM-SB-023,Shankh & Bells,449,609,22,Ornamental brass Nag (cobra) stand for resting shankh during non-use. Adds royal temple aesthetic.,Decorative conch shell holder,https://images.unsplash.com/photo-1514533450685-4493e01d1fdc?w=800&auto=format&fit=crop&q=80,139,ACTIVE,false
Small Pooja Ghanti Set Artisan Piece,RAM-SB-024,Shankh & Bells,269,329,92,Set of small brass puja ghantis in different sizes for coordinated ringing during aarti and bhajan.,Miniature brass bell set,https://images.unsplash.com/photo-1571406252241-db0280bd36cd?w=800&auto=format&fit=crop&q=80,252,ACTIVE,false
Tibetan Singing Bowl Extra Large Inch,RAM-SB-025,Shankh & Bells,4979,6529,18,Handcrafted Tibetan singing bowl with wooden mallet for meditation sound therapy and chakra healing sessions.,Meditation sound therapy bowl,https://images.unsplash.com/photo-1509316975850-ff9c5deb0cd9?w=800&auto=format&fit=crop&q=80,1160,ACTIVE,false
Brass Ghanta Mala (Bell Garland) Sacred,RAM-SB-026,Shankh & Bells,939,1079,65,String of small brass bells (ghanta mala) for hanging on temple doors and entrances. Melodious tinkling sound.,Decorative bell string for mandir,https://images.unsplash.com/photo-1514533450685-4493e01d1fdc?w=800&auto=format&fit=crop&q=80,272,ACTIVE,false
Panchmukhi Shankh (Five-Faced Conch) Sacred,RAM-SB-027,Shankh & Bells,5499,7319,5,Extremely rare natural five-faced shankh for advanced Tantric and Vaishnav puja. Certified natural formation.,Rare five-opening sacred conch,https://images.unsplash.com/photo-1571406252241-db0280bd36cd?w=800&auto=format&fit=crop&q=80,617,ACTIVE,false
Vamavarti Natural Blowable Shankh Medium,RAM-SB-028,Shankh & Bells,2049,2609,21,Authentic natural ocean shell vamavarti shankh producing deep resonant Om sound. Polished and ritual-ready.,Ocean shell blowable conch,https://images.unsplash.com/photo-1509316975850-ff9c5deb0cd9?w=800&auto=format&fit=crop&q=80,245,ACTIVE,false
Dakshinavarti Shankh Premium Inch,RAM-SB-029,Shankh & Bells,8799,11179,10,Rare natural dakshinavarti (right-turning) shankh considered highly auspicious for Lakshmi puja and prosperity.,Rare right-turning sacred conch,https://images.unsplash.com/photo-1514533450685-4493e01d1fdc?w=800&auto=format&fit=crop&q=80,865,ACTIVE,false
Pure Brass Temple Hand Bell (Ghanti) Classic,RAM-SB-030,Shankh & Bells,1329,1729,54,Pure brass hand-held temple bell with deity motif handle. Produces clear resonant vibrations for aarti.,Resonant brass pooja bell,https://images.unsplash.com/photo-1571406252241-db0280bd36cd?w=800&auto=format&fit=crop&q=80,437,ACTIVE,false
Brass Hanging Temple Bell Royal,RAM-SB-031,Shankh & Bells,1919,2539,43,Ornate brass hanging bell with long brass chain for temple ceiling mounting. Deep rich tone for ritual significance.,Chain-hung ornamental bell,https://images.unsplash.com/photo-1509316975850-ff9c5deb0cd9?w=800&auto=format&fit=crop&q=80,467,ACTIVE,false
Brass Nag (Serpent) Decorated Shankh Stand Set 444,RAM-SB-032,Shankh & Bells,999,1319,67,Ornamental brass Nag (cobra) stand for resting shankh during non-use. Adds royal temple aesthetic.,Decorative conch shell holder,https://images.unsplash.com/photo-1514533450685-4493e01d1fdc?w=800&auto=format&fit=crop&q=80,246,ACTIVE,false
Small Pooja Ghanti Set Royal Piece,RAM-SB-033,Shankh & Bells,379,459,43,Set of small brass puja ghantis in different sizes for coordinated ringing during aarti and bhajan.,Miniature brass bell set,https://images.unsplash.com/photo-1571406252241-db0280bd36cd?w=800&auto=format&fit=crop&q=80,151,ACTIVE,false
Tibetan Singing Bowl Jumbo Inch,RAM-SB-034,Shankh & Bells,4089,4909,15,Handcrafted Tibetan singing bowl with wooden mallet for meditation sound therapy and chakra healing sessions.,Meditation sound therapy bowl,https://images.unsplash.com/photo-1509316975850-ff9c5deb0cd9?w=800&auto=format&fit=crop&q=80,1329,ACTIVE,false
Brass Ghanta Mala (Bell Garland) Traditional,RAM-SB-035,Shankh & Bells,799,919,52,String of small brass bells (ghanta mala) for hanging on temple doors and entrances. Melodious tinkling sound.,Decorative bell string for mandir,https://images.unsplash.com/photo-1514533450685-4493e01d1fdc?w=800&auto=format&fit=crop&q=80,353,ACTIVE,false
Panchmukhi Shankh (Five-Faced Conch) Traditional,RAM-SB-036,Shankh & Bells,7999,9839,9,Extremely rare natural five-faced shankh for advanced Tantric and Vaishnav puja. Certified natural formation.,Rare five-opening sacred conch,https://images.unsplash.com/photo-1571406252241-db0280bd36cd?w=800&auto=format&fit=crop&q=80,343,ACTIVE,false
Vamavarti Natural Blowable Shankh Jumbo,RAM-SB-037,Shankh & Bells,1689,2129,24,Authentic natural ocean shell vamavarti shankh producing deep resonant Om sound. Polished and ritual-ready.,Ocean shell blowable conch,https://images.unsplash.com/photo-1509316975850-ff9c5deb0cd9?w=800&auto=format&fit=crop&q=80,488,ACTIVE,false
Dakshinavarti Shankh Jumbo Inch,RAM-SB-038,Shankh & Bells,6589,7709,9,Rare natural dakshinavarti (right-turning) shankh considered highly auspicious for Lakshmi puja and prosperity.,Rare right-turning sacred conch,https://images.unsplash.com/photo-1514533450685-4493e01d1fdc?w=800&auto=format&fit=crop&q=80,444,ACTIVE,false
Pure Brass Temple Hand Bell (Ghanti) Temple Grade,RAM-SB-039,Shankh & Bells,259,309,87,Pure brass hand-held temple bell with deity motif handle. Produces clear resonant vibrations for aarti.,Resonant brass pooja bell,https://images.unsplash.com/photo-1571406252241-db0280bd36cd?w=800&auto=format&fit=crop&q=80,149,ACTIVE,false
Brass Hanging Temple Bell Heritage,RAM-SB-040,Shankh & Bells,2129,2409,37,Ornate brass hanging bell with long brass chain for temple ceiling mounting. Deep rich tone for ritual significance.,Chain-hung ornamental bell,https://images.unsplash.com/photo-1509316975850-ff9c5deb0cd9?w=800&auto=format&fit=crop&q=80,512,ACTIVE,false
Brass Nag (Serpent) Decorated Shankh Stand Special 589,RAM-SB-041,Shankh & Bells,559,719,65,Ornamental brass Nag (cobra) stand for resting shankh during non-use. Adds royal temple aesthetic.,Decorative conch shell holder,https://images.unsplash.com/photo-1514533450685-4493e01d1fdc?w=800&auto=format&fit=crop&q=80,330,ACTIVE,false
Small Pooja Ghanti Set Premium Piece,RAM-SB-042,Shankh & Bells,519,639,84,Set of small brass puja ghantis in different sizes for coordinated ringing during aarti and bhajan.,Miniature brass bell set,https://images.unsplash.com/photo-1571406252241-db0280bd36cd?w=800&auto=format&fit=crop&q=80,109,ACTIVE,false
Tibetan Singing Bowl Premium Inch,RAM-SB-043,Shankh & Bells,2739,3569,39,Handcrafted Tibetan singing bowl with wooden mallet for meditation sound therapy and chakra healing sessions.,Meditation sound therapy bowl,https://images.unsplash.com/photo-1509316975850-ff9c5deb0cd9?w=800&auto=format&fit=crop&q=80,200,ACTIVE,false
Brass Ghanta Mala (Bell Garland) Premium,RAM-SB-044,Shankh & Bells,799,919,59,String of small brass bells (ghanta mala) for hanging on temple doors and entrances. Melodious tinkling sound.,Decorative bell string for mandir,https://images.unsplash.com/photo-1514533450685-4493e01d1fdc?w=800&auto=format&fit=crop&q=80,317,ACTIVE,false
Panchmukhi Shankh (Five-Faced Conch) Heritage,RAM-SB-045,Shankh & Bells,4389,5229,2,Extremely rare natural five-faced shankh for advanced Tantric and Vaishnav puja. Certified natural formation.,Rare five-opening sacred conch,https://images.unsplash.com/photo-1571406252241-db0280bd36cd?w=800&auto=format&fit=crop&q=80,781,ACTIVE,false
Pure Copper Lota / Kalash Standardml,RAM-BC-001,Brass & Copper Items,529,699,47,Seamless pure copper lota kalash for offering Jal to Surya Dev and deity abhishekam. Ayurvedic-grade copper.,Seamless copper water vessel,https://images.unsplash.com/photo-1584308666744-24d5c474f2ae?w=800&auto=format&fit=crop&q=80,256,ACTIVE,true
Brass Panchpatra with Spoon Traditional,RAM-BC-002,Brass & Copper Items,1149,1539,67,Traditional brass panchpatra with matching achmani spoon for sacred water offering during Hindu puja rituals.,Five-metal ritual water vessel,https://images.unsplash.com/photo-1571406252241-db0280bd36cd?w=800&auto=format&fit=crop&q=80,218,ACTIVE,true
Copper Havan Kund Extra Large Inch,RAM-BC-003,Brass & Copper Items,2069,2649,33,Pure copper pyramid-shaped havan kund for performing Vedic fire rituals and yagya ceremonies at home.,Sacred fire pit for Vedic rituals,https://images.unsplash.com/photo-1590249350651-28a2c5aa0de3?w=800&auto=format&fit=crop&q=80,2558,ACTIVE,true
Brass Tulsi Kyara Stand Traditional,RAM-BC-004,Brass & Copper Items,3269,4349,36,Ornate brass tulsi vrindavan stand with carved pillars and Om symbol for growing sacred tulsi plant.,Decorative holy basil planter,https://images.unsplash.com/photo-1584308666744-24d5c474f2ae?w=800&auto=format&fit=crop&q=80,1116,ACTIVE,false
Copper Gangajal Container Mediumml,RAM-BC-005,Brass & Copper Items,679,749,84,Pure copper sealed container for storing holy Gangajal water. Preserves sanctity with antimicrobial copper.,Sacred water storage vessel,https://images.unsplash.com/photo-1571406252241-db0280bd36cd?w=800&auto=format&fit=crop&q=80,177,ACTIVE,false
Brass Abhishekam Patra Set Artisan,RAM-BC-006,Brass & Copper Items,1559,1889,47,"Complete brass abhishekam patra set with spouted vessel, tray, and drain for deity bathing ceremonies.",Ritual bathing vessel set,https://images.unsplash.com/photo-1590249350651-28a2c5aa0de3?w=800&auto=format&fit=crop&q=80,476,ACTIVE,false
Heavy Brass Ganga Jamuna Diya Traditional Wick,RAM-BC-007,Brass & Copper Items,779,1059,34,Heavy solid brass Ganga Jamuna double-wick oil diya for auspicious evening aarti. Antique hand finish.,Dual-flow traditional oil lamp,https://images.unsplash.com/photo-1584308666744-24d5c474f2ae?w=800&auto=format&fit=crop&q=80,453,ACTIVE,false
Copper Surahi Water Bottle Premiumml,RAM-BC-008,Brass & Copper Items,1049,1239,70,Hammered pure copper surahi pitcher for storing and serving copper-charged water. Traditional and healthy.,Elegant copper water pitcher,https://images.unsplash.com/photo-1571406252241-db0280bd36cd?w=800&auto=format&fit=crop&q=80,702,ACTIVE,false
Brass Singhasan Chowki Large Inch,RAM-BC-009,Brass & Copper Items,2819,3779,20,Ornate brass singhasan chowki platform for placing deity murtis. Carved lotus base with pillars.,Brass platform for deity seating,https://images.unsplash.com/photo-1590249350651-28a2c5aa0de3?w=800&auto=format&fit=crop&q=80,827,ACTIVE,false
Copper Arghya Patra Royal,RAM-BC-010,Brass & Copper Items,409,519,48,Pure copper arghya patra with special spout design for offering water to Surya Dev at sunrise.,Sun offering copper vessel,https://images.unsplash.com/photo-1584308666744-24d5c474f2ae?w=800&auto=format&fit=crop&q=80,162,ACTIVE,false
Brass Dhoopdan (Incense Burner) Temple Grade,RAM-BC-011,Brass & Copper Items,319,419,76,Ornamental brass dhoopdan with perforated dome lid for burning dhoop cones and loban resin safely.,Decorative brass incense holder,https://images.unsplash.com/photo-1571406252241-db0280bd36cd?w=800&auto=format&fit=crop&q=80,377,ACTIVE,false
Pure Copper Lota / Kalash Mediumml,RAM-BC-012,Brass & Copper Items,429,569,29,Seamless pure copper lota kalash for offering Jal to Surya Dev and deity abhishekam. Ayurvedic-grade copper.,Seamless copper water vessel,https://images.unsplash.com/photo-1590249350651-28a2c5aa0de3?w=800&auto=format&fit=crop&q=80,797,ACTIVE,false
Brass Panchpatra with Spoon Premium,RAM-BC-013,Brass & Copper Items,879,1059,21,Traditional brass panchpatra with matching achmani spoon for sacred water offering during Hindu puja rituals.,Five-metal ritual water vessel,https://images.unsplash.com/photo-1584308666744-24d5c474f2ae?w=800&auto=format&fit=crop&q=80,419,ACTIVE,false
Copper Havan Kund Compact Inch,RAM-BC-014,Brass & Copper Items,3499,4269,37,Pure copper pyramid-shaped havan kund for performing Vedic fire rituals and yagya ceremonies at home.,Sacred fire pit for Vedic rituals,https://images.unsplash.com/photo-1571406252241-db0280bd36cd?w=800&auto=format&fit=crop&q=80,1499,ACTIVE,false
Brass Tulsi Kyara Stand Royal,RAM-BC-015,Brass & Copper Items,1189,1489,37,Ornate brass tulsi vrindavan stand with carved pillars and Om symbol for growing sacred tulsi plant.,Decorative holy basil planter,https://images.unsplash.com/photo-1590249350651-28a2c5aa0de3?w=800&auto=format&fit=crop&q=80,799,ACTIVE,false
Copper Gangajal Container Smallml,RAM-BC-016,Brass & Copper Items,399,459,39,Pure copper sealed container for storing holy Gangajal water. Preserves sanctity with antimicrobial copper.,Sacred water storage vessel,https://images.unsplash.com/photo-1584308666744-24d5c474f2ae?w=800&auto=format&fit=crop&q=80,308,ACTIVE,false
Brass Abhishekam Patra Set Heritage,RAM-BC-017,Brass & Copper Items,2519,3409,13,"Complete brass abhishekam patra set with spouted vessel, tray, and drain for deity bathing ceremonies.",Ritual bathing vessel set,https://images.unsplash.com/photo-1571406252241-db0280bd36cd?w=800&auto=format&fit=crop&q=80,750,ACTIVE,false
Heavy Brass Ganga Jamuna Diya Deluxe Wick,RAM-BC-018,Brass & Copper Items,269,299,63,Heavy solid brass Ganga Jamuna double-wick oil diya for auspicious evening aarti. Antique hand finish.,Dual-flow traditional oil lamp,https://images.unsplash.com/photo-1590249350651-28a2c5aa0de3?w=800&auto=format&fit=crop&q=80,751,ACTIVE,false
Copper Surahi Water Bottle Extra Largeml,RAM-BC-019,Brass & Copper Items,359,449,66,Hammered pure copper surahi pitcher for storing and serving copper-charged water. Traditional and healthy.,Elegant copper water pitcher,https://images.unsplash.com/photo-1584308666744-24d5c474f2ae?w=800&auto=format&fit=crop&q=80,544,ACTIVE,false
Brass Singhasan Chowki Standard Inch,RAM-BC-020,Brass & Copper Items,1209,1499,15,Ornate brass singhasan chowki platform for placing deity murtis. Carved lotus base with pillars.,Brass platform for deity seating,https://images.unsplash.com/photo-1571406252241-db0280bd36cd?w=800&auto=format&fit=crop&q=80,1160,ACTIVE,false
Copper Arghya Patra Deluxe,RAM-BC-021,Brass & Copper Items,609,709,56,Pure copper arghya patra with special spout design for offering water to Surya Dev at sunrise.,Sun offering copper vessel,https://images.unsplash.com/photo-1590249350651-28a2c5aa0de3?w=800&auto=format&fit=crop&q=80,114,ACTIVE,false
Brass Dhoopdan (Incense Burner) Heritage,RAM-BC-022,Brass & Copper Items,1149,1269,67,Ornamental brass dhoopdan with perforated dome lid for burning dhoop cones and loban resin safely.,Decorative brass incense holder,https://images.unsplash.com/photo-1584308666744-24d5c474f2ae?w=800&auto=format&fit=crop&q=80,419,ACTIVE,false
Pure Copper Lota / Kalash Jumboml,RAM-BC-023,Brass & Copper Items,519,649,39,Seamless pure copper lota kalash for offering Jal to Surya Dev and deity abhishekam. Ayurvedic-grade copper.,Seamless copper water vessel,https://images.unsplash.com/photo-1571406252241-db0280bd36cd?w=800&auto=format&fit=crop&q=80,383,ACTIVE,false
Brass Panchpatra with Spoon Royal,RAM-BC-024,Brass & Copper Items,469,629,40,Traditional brass panchpatra with matching achmani spoon for sacred water offering during Hindu puja rituals.,Five-metal ritual water vessel,https://images.unsplash.com/photo-1590249350651-28a2c5aa0de3?w=800&auto=format&fit=crop&q=80,229,ACTIVE,false
Copper Havan Kund Premium Inch,RAM-BC-025,Brass & Copper Items,3559,4559,28,Pure copper pyramid-shaped havan kund for performing Vedic fire rituals and yagya ceremonies at home.,Sacred fire pit for Vedic rituals,https://images.unsplash.com/photo-1584308666744-24d5c474f2ae?w=800&auto=format&fit=crop&q=80,438,ACTIVE,false
Brass Tulsi Kyara Stand Artisan,RAM-BC-026,Brass & Copper Items,2009,2659,35,Ornate brass tulsi vrindavan stand with carved pillars and Om symbol for growing sacred tulsi plant.,Decorative holy basil planter,https://images.unsplash.com/photo-1571406252241-db0280bd36cd?w=800&auto=format&fit=crop&q=80,1547,ACTIVE,false
Copper Gangajal Container Jumboml,RAM-BC-027,Brass & Copper Items,819,1009,60,Pure copper sealed container for storing holy Gangajal water. Preserves sanctity with antimicrobial copper.,Sacred water storage vessel,https://images.unsplash.com/photo-1590249350651-28a2c5aa0de3?w=800&auto=format&fit=crop&q=80,489,ACTIVE,false
Brass Abhishekam Patra Set Traditional,RAM-BC-028,Brass & Copper Items,799,1009,21,"Complete brass abhishekam patra set with spouted vessel, tray, and drain for deity bathing ceremonies.",Ritual bathing vessel set,https://images.unsplash.com/photo-1584308666744-24d5c474f2ae?w=800&auto=format&fit=crop&q=80,579,ACTIVE,false
Heavy Brass Ganga Jamuna Diya Premium Wick,RAM-BC-029,Brass & Copper Items,529,699,56,Heavy solid brass Ganga Jamuna double-wick oil diya for auspicious evening aarti. Antique hand finish.,Dual-flow traditional oil lamp,https://images.unsplash.com/photo-1571406252241-db0280bd36cd?w=800&auto=format&fit=crop&q=80,349,ACTIVE,false
Copper Surahi Water Bottle Compactml,RAM-BC-030,Brass & Copper Items,309,419,20,Hammered pure copper surahi pitcher for storing and serving copper-charged water. Traditional and healthy.,Elegant copper water pitcher,https://images.unsplash.com/photo-1590249350651-28a2c5aa0de3?w=800&auto=format&fit=crop&q=80,335,ACTIVE,false
Brass Singhasan Chowki Jumbo Inch,RAM-BC-031,Brass & Copper Items,419,539,11,Ornate brass singhasan chowki platform for placing deity murtis. Carved lotus base with pillars.,Brass platform for deity seating,https://images.unsplash.com/photo-1584308666744-24d5c474f2ae?w=800&auto=format&fit=crop&q=80,1814,ACTIVE,false
Copper Arghya Patra Heritage,RAM-BC-032,Brass & Copper Items,369,439,116,Pure copper arghya patra with special spout design for offering water to Surya Dev at sunrise.,Sun offering copper vessel,https://images.unsplash.com/photo-1571406252241-db0280bd36cd?w=800&auto=format&fit=crop&q=80,143,ACTIVE,false
Brass Dhoopdan (Incense Burner) Classic,RAM-BC-033,Brass & Copper Items,659,859,40,Ornamental brass dhoopdan with perforated dome lid for burning dhoop cones and loban resin safely.,Decorative brass incense holder,https://images.unsplash.com/photo-1590249350651-28a2c5aa0de3?w=800&auto=format&fit=crop&q=80,269,ACTIVE,false
Pure Copper Lota / Kalash Premiumml,RAM-BC-034,Brass & Copper Items,1489,1689,22,Seamless pure copper lota kalash for offering Jal to Surya Dev and deity abhishekam. Ayurvedic-grade copper.,Seamless copper water vessel,https://images.unsplash.com/photo-1584308666744-24d5c474f2ae?w=800&auto=format&fit=crop&q=80,268,ACTIVE,false
Brass Panchpatra with Spoon Temple Grade,RAM-BC-035,Brass & Copper Items,699,939,32,Traditional brass panchpatra with matching achmani spoon for sacred water offering during Hindu puja rituals.,Five-metal ritual water vessel,https://images.unsplash.com/photo-1571406252241-db0280bd36cd?w=800&auto=format&fit=crop&q=80,390,ACTIVE,false
Copper Havan Kund Small Inch,RAM-BC-036,Brass & Copper Items,1369,1649,8,Pure copper pyramid-shaped havan kund for performing Vedic fire rituals and yagya ceremonies at home.,Sacred fire pit for Vedic rituals,https://images.unsplash.com/photo-1590249350651-28a2c5aa0de3?w=800&auto=format&fit=crop&q=80,1555,ACTIVE,false
Brass Tulsi Kyara Stand Premium,RAM-BC-037,Brass & Copper Items,1059,1299,30,Ornate brass tulsi vrindavan stand with carved pillars and Om symbol for growing sacred tulsi plant.,Decorative holy basil planter,https://images.unsplash.com/photo-1584308666744-24d5c474f2ae?w=800&auto=format&fit=crop&q=80,1052,ACTIVE,false
Copper Gangajal Container Largeml,RAM-BC-038,Brass & Copper Items,389,449,95,Pure copper sealed container for storing holy Gangajal water. Preserves sanctity with antimicrobial copper.,Sacred water storage vessel,https://images.unsplash.com/photo-1571406252241-db0280bd36cd?w=800&auto=format&fit=crop&q=80,216,ACTIVE,false
Brass Abhishekam Patra Set Handcrafted,RAM-BC-039,Brass & Copper Items,589,739,29,"Complete brass abhishekam patra set with spouted vessel, tray, and drain for deity bathing ceremonies.",Ritual bathing vessel set,https://images.unsplash.com/photo-1590249350651-28a2c5aa0de3?w=800&auto=format&fit=crop&q=80,1178,ACTIVE,false
Heavy Brass Ganga Jamuna Diya Artisan Wick,RAM-BC-040,Brass & Copper Items,1379,1579,48,Heavy solid brass Ganga Jamuna double-wick oil diya for auspicious evening aarti. Antique hand finish.,Dual-flow traditional oil lamp,https://images.unsplash.com/photo-1584308666744-24d5c474f2ae?w=800&auto=format&fit=crop&q=80,235,ACTIVE,false
Copper Surahi Water Bottle Largeml,RAM-BC-041,Brass & Copper Items,479,599,69,Hammered pure copper surahi pitcher for storing and serving copper-charged water. Traditional and healthy.,Elegant copper water pitcher,https://images.unsplash.com/photo-1571406252241-db0280bd36cd?w=800&auto=format&fit=crop&q=80,273,ACTIVE,false
Brass Singhasan Chowki Extra Large Inch,RAM-BC-042,Brass & Copper Items,1369,1509,37,Ornate brass singhasan chowki platform for placing deity murtis. Carved lotus base with pillars.,Brass platform for deity seating,https://images.unsplash.com/photo-1590249350651-28a2c5aa0de3?w=800&auto=format&fit=crop&q=80,337,ACTIVE,false
Copper Arghya Patra Temple Grade,RAM-BC-043,Brass & Copper Items,419,559,68,Pure copper arghya patra with special spout design for offering water to Surya Dev at sunrise.,Sun offering copper vessel,https://images.unsplash.com/photo-1584308666744-24d5c474f2ae?w=800&auto=format&fit=crop&q=80,137,ACTIVE,false
Brass Dhoopdan (Incense Burner) Sacred,RAM-BC-044,Brass & Copper Items,869,1149,35,Ornamental brass dhoopdan with perforated dome lid for burning dhoop cones and loban resin safely.,Decorative brass incense holder,https://images.unsplash.com/photo-1571406252241-db0280bd36cd?w=800&auto=format&fit=crop&q=80,106,ACTIVE,false
Pure Copper Lota / Kalash Largeml,RAM-BC-045,Brass & Copper Items,1659,2239,63,Seamless pure copper lota kalash for offering Jal to Surya Dev and deity abhishekam. Ayurvedic-grade copper.,Seamless copper water vessel,https://images.unsplash.com/photo-1590249350651-28a2c5aa0de3?w=800&auto=format&fit=crop&q=80,551,ACTIVE,false
Brass Panchpatra with Spoon Handcrafted,RAM-BC-046,Brass & Copper Items,1029,1329,59,Traditional brass panchpatra with matching achmani spoon for sacred water offering during Hindu puja rituals.,Five-metal ritual water vessel,https://images.unsplash.com/photo-1584308666744-24d5c474f2ae?w=800&auto=format&fit=crop&q=80,487,ACTIVE,false
Copper Havan Kund Large Inch,RAM-BC-047,Brass & Copper Items,4519,5109,36,Pure copper pyramid-shaped havan kund for performing Vedic fire rituals and yagya ceremonies at home.,Sacred fire pit for Vedic rituals,https://images.unsplash.com/photo-1571406252241-db0280bd36cd?w=800&auto=format&fit=crop&q=80,895,ACTIVE,false
Brass Tulsi Kyara Stand Deluxe,RAM-BC-048,Brass & Copper Items,2259,2629,38,Ornate brass tulsi vrindavan stand with carved pillars and Om symbol for growing sacred tulsi plant.,Decorative holy basil planter,https://images.unsplash.com/photo-1590249350651-28a2c5aa0de3?w=800&auto=format&fit=crop&q=80,977,ACTIVE,false
Copper Gangajal Container Extra Largeml,RAM-BC-049,Brass & Copper Items,259,339,82,Pure copper sealed container for storing holy Gangajal water. Preserves sanctity with antimicrobial copper.,Sacred water storage vessel,https://images.unsplash.com/photo-1584308666744-24d5c474f2ae?w=800&auto=format&fit=crop&q=80,156,ACTIVE,false
Brass Abhishekam Patra Set Sacred,RAM-BC-050,Brass & Copper Items,2099,2839,33,"Complete brass abhishekam patra set with spouted vessel, tray, and drain for deity bathing ceremonies.",Ritual bathing vessel set,https://images.unsplash.com/photo-1571406252241-db0280bd36cd?w=800&auto=format&fit=crop&q=80,1050,ACTIVE,false
Heavy Brass Ganga Jamuna Diya Handcrafted Wick,RAM-BC-051,Brass & Copper Items,839,1099,66,Heavy solid brass Ganga Jamuna double-wick oil diya for auspicious evening aarti. Antique hand finish.,Dual-flow traditional oil lamp,https://images.unsplash.com/photo-1590249350651-28a2c5aa0de3?w=800&auto=format&fit=crop&q=80,647,ACTIVE,false
Copper Surahi Water Bottle Jumboml,RAM-BC-052,Brass & Copper Items,719,859,58,Hammered pure copper surahi pitcher for storing and serving copper-charged water. Traditional and healthy.,Elegant copper water pitcher,https://images.unsplash.com/photo-1584308666744-24d5c474f2ae?w=800&auto=format&fit=crop&q=80,342,ACTIVE,false
Brass Singhasan Chowki Small Inch,RAM-BC-053,Brass & Copper Items,899,989,27,Ornate brass singhasan chowki platform for placing deity murtis. Carved lotus base with pillars.,Brass platform for deity seating,https://images.unsplash.com/photo-1571406252241-db0280bd36cd?w=800&auto=format&fit=crop&q=80,424,ACTIVE,false
Copper Arghya Patra Sacred,RAM-BC-054,Brass & Copper Items,679,809,111,Pure copper arghya patra with special spout design for offering water to Surya Dev at sunrise.,Sun offering copper vessel,https://images.unsplash.com/photo-1590249350651-28a2c5aa0de3?w=800&auto=format&fit=crop&q=80,140,ACTIVE,false
Brass Dhoopdan (Incense Burner) Royal,RAM-BC-055,Brass & Copper Items,309,389,44,Ornamental brass dhoopdan with perforated dome lid for burning dhoop cones and loban resin safely.,Decorative brass incense holder,https://images.unsplash.com/photo-1584308666744-24d5c474f2ae?w=800&auto=format&fit=crop&q=80,283,ACTIVE,false
11 Mukhi Rudraksha Bead Sacred,RAM-RK-001,Rudraksha Collection,6019,6809,33,Lab-certified genuine 4 Mukhi Nepali Rudraksha bead with natural facets. Comes with certificate of authenticity.,Certified Nepali Rudraksha bead,https://images.unsplash.com/photo-1599643478518-a784e5dc4c8f?w=800&auto=format&fit=crop&q=80,7,ACTIVE,true
Rudraksha Combination Bracelet Premium,RAM-RK-002,Rudraksha Collection,3689,4429,34,Handcrafted bracelet combining multiple mukhi Rudraksha beads for balanced planetary benefits and spiritual protection.,Multi-mukhi Rudraksha wristband,https://images.unsplash.com/photo-1571406252241-db0280bd36cd?w=800&auto=format&fit=crop&q=80,18,ACTIVE,true
Rudraksha Pendant Traditional in Silver,RAM-RK-003,Rudraksha Collection,2549,3089,10,Genuine Rudraksha bead set in sterling silver cap with Om engraving. Ready to wear on chain or thread.,Silver-capped Rudraksha pendant,https://images.unsplash.com/photo-1590249350651-28a2c5aa0de3?w=800&auto=format&fit=crop&q=80,11,ACTIVE,true
Rudraksha Mala 5 Mukhi 108+1 Beads Premium,RAM-RK-004,Rudraksha Collection,2009,2499,13,Complete 108+1 bead mala made from certified 5 Mukhi Nepali Rudraksha. Perfect for daily japa meditation.,Full-length Rudraksha japa mala,https://images.unsplash.com/photo-1599643478518-a784e5dc4c8f?w=800&auto=format&fit=crop&q=80,43,ACTIVE,false
Gauri Shankar Rudraksha Premium,RAM-RK-005,Rudraksha Collection,5479,6419,6,Rare naturally joined twin-bead Gauri Shankar Rudraksha symbolising Shiva-Parvati union. With authenticity certificate.,Naturally joined twin Rudraksha,https://images.unsplash.com/photo-1571406252241-db0280bd36cd?w=800&auto=format&fit=crop&q=80,4,ACTIVE,false
Rudraksha Tree Sapling Royal,RAM-RK-006,Rudraksha Collection,449,559,39,Live Rudraksha (Elaeocarpus) tree sapling for growing at home. Sacred plant that produces divine beads.,Live Rudraksha plant for home,https://images.unsplash.com/photo-1590249350651-28a2c5aa0de3?w=800&auto=format&fit=crop&q=80,321,ACTIVE,false
Siddha Mala (1-14 Mukhi Collection) Deluxe,RAM-RK-007,Rudraksha Collection,42909,49779,5,Extremely rare complete Siddha Mala containing one bead of each mukhi from 1 to 14. Ultimate spiritual collection.,Complete 1 to 14 Mukhi set,https://images.unsplash.com/photo-1599643478518-a784e5dc4c8f?w=800&auto=format&fit=crop&q=80,41,ACTIVE,false
Rudraksha Kantha Mala Classic,RAM-RK-008,Rudraksha Collection,2929,3309,33,Traditional multi-strand Rudraksha kantha mala worn close to the throat for constant spiritual protection.,Multi-strand Rudraksha neck piece,https://images.unsplash.com/photo-1571406252241-db0280bd36cd?w=800&auto=format&fit=crop&q=80,39,ACTIVE,false
Nepal vs Indonesian Rudraksha Set Artisan,RAM-RK-009,Rudraksha Collection,539,689,50,Educational comparison set of Nepali (large) and Indonesian (small) Rudraksha beads with info card.,Comparison Rudraksha bead pair,https://images.unsplash.com/photo-1590249350651-28a2c5aa0de3?w=800&auto=format&fit=crop&q=80,17,ACTIVE,false
Rudraksha Rakhi Heritage,RAM-RK-010,Rudraksha Collection,469,549,157,Handmade Rakhi featuring genuine Rudraksha bead with golden thread and decorative stones. Spiritual protection for brother.,Sacred Rudraksha Raksha Bandhan thread,https://images.unsplash.com/photo-1599643478518-a784e5dc4c8f?w=800&auto=format&fit=crop&q=80,14,ACTIVE,false
14 Mukhi Rudraksha Bead Deluxe,RAM-RK-011,Rudraksha Collection,6789,8219,48,Lab-certified genuine 1 Mukhi Nepali Rudraksha bead with natural facets. Comes with certificate of authenticity.,Certified Nepali Rudraksha bead,https://images.unsplash.com/photo-1571406252241-db0280bd36cd?w=800&auto=format&fit=crop&q=80,3,ACTIVE,false
Rudraksha Combination Bracelet Temple Grade,RAM-RK-012,Rudraksha Collection,2499,3199,27,Handcrafted bracelet combining multiple mukhi Rudraksha beads for balanced planetary benefits and spiritual protection.,Multi-mukhi Rudraksha wristband,https://images.unsplash.com/photo-1590249350651-28a2c5aa0de3?w=800&auto=format&fit=crop&q=80,27,ACTIVE,false
Rudraksha Pendant Sacred in Silver,RAM-RK-013,Rudraksha Collection,5659,6909,23,Genuine Rudraksha bead set in sterling silver cap with Om engraving. Ready to wear on chain or thread.,Silver-capped Rudraksha pendant,https://images.unsplash.com/photo-1599643478518-a784e5dc4c8f?w=800&auto=format&fit=crop&q=80,20,ACTIVE,false
Rudraksha Mala 5 Mukhi 108+1 Beads Handcrafted,RAM-RK-014,Rudraksha Collection,1799,2329,45,Complete 108+1 bead mala made from certified 5 Mukhi Nepali Rudraksha. Perfect for daily japa meditation.,Full-length Rudraksha japa mala,https://images.unsplash.com/photo-1571406252241-db0280bd36cd?w=800&auto=format&fit=crop&q=80,69,ACTIVE,false
Gauri Shankar Rudraksha Sacred,RAM-RK-015,Rudraksha Collection,4949,6089,6,Rare naturally joined twin-bead Gauri Shankar Rudraksha symbolising Shiva-Parvati union. With authenticity certificate.,Naturally joined twin Rudraksha,https://images.unsplash.com/photo-1590249350651-28a2c5aa0de3?w=800&auto=format&fit=crop&q=80,6,ACTIVE,false
Rudraksha Tree Sapling Artisan,RAM-RK-016,Rudraksha Collection,309,409,25,Live Rudraksha (Elaeocarpus) tree sapling for growing at home. Sacred plant that produces divine beads.,Live Rudraksha plant for home,https://images.unsplash.com/photo-1599643478518-a784e5dc4c8f?w=800&auto=format&fit=crop&q=80,267,ACTIVE,false
Siddha Mala (1-14 Mukhi Collection) Sacred,RAM-RK-017,Rudraksha Collection,18009,22879,2,Extremely rare complete Siddha Mala containing one bead of each mukhi from 1 to 14. Ultimate spiritual collection.,Complete 1 to 14 Mukhi set,https://images.unsplash.com/photo-1571406252241-db0280bd36cd?w=800&auto=format&fit=crop&q=80,70,ACTIVE,false
Rudraksha Kantha Mala Handcrafted,RAM-RK-018,Rudraksha Collection,2619,3199,23,Traditional multi-strand Rudraksha kantha mala worn close to the throat for constant spiritual protection.,Multi-strand Rudraksha neck piece,https://images.unsplash.com/photo-1590249350651-28a2c5aa0de3?w=800&auto=format&fit=crop&q=80,52,ACTIVE,false
Nepal vs Indonesian Rudraksha Set Sacred,RAM-RK-019,Rudraksha Collection,889,1149,48,Educational comparison set of Nepali (large) and Indonesian (small) Rudraksha beads with info card.,Comparison Rudraksha bead pair,https://images.unsplash.com/photo-1599643478518-a784e5dc4c8f?w=800&auto=format&fit=crop&q=80,16,ACTIVE,false
Rudraksha Rakhi Premium,RAM-RK-020,Rudraksha Collection,459,569,133,Handmade Rakhi featuring genuine Rudraksha bead with golden thread and decorative stones. Spiritual protection for brother.,Sacred Rudraksha Raksha Bandhan thread,https://images.unsplash.com/photo-1571406252241-db0280bd36cd?w=800&auto=format&fit=crop&q=80,5,ACTIVE,false
3 Mukhi Rudraksha Bead Royal,RAM-RK-021,Rudraksha Collection,1059,1419,22,Lab-certified genuine 10 Mukhi Nepali Rudraksha bead with natural facets. Comes with certificate of authenticity.,Certified Nepali Rudraksha bead,https://images.unsplash.com/photo-1590249350651-28a2c5aa0de3?w=800&auto=format&fit=crop&q=80,13,ACTIVE,false
Rudraksha Combination Bracelet Royal,RAM-RK-022,Rudraksha Collection,2959,3639,16,Handcrafted bracelet combining multiple mukhi Rudraksha beads for balanced planetary benefits and spiritual protection.,Multi-mukhi Rudraksha wristband,https://images.unsplash.com/photo-1599643478518-a784e5dc4c8f?w=800&auto=format&fit=crop&q=80,22,ACTIVE,false
Rudraksha Pendant Classic in Silver,RAM-RK-023,Rudraksha Collection,4159,5289,24,Genuine Rudraksha bead set in sterling silver cap with Om engraving. Ready to wear on chain or thread.,Silver-capped Rudraksha pendant,https://images.unsplash.com/photo-1571406252241-db0280bd36cd?w=800&auto=format&fit=crop&q=80,13,ACTIVE,false
Rudraksha Mala 5 Mukhi 108+1 Beads Temple Grade,RAM-RK-024,Rudraksha Collection,3409,3889,22,Complete 108+1 bead mala made from certified 5 Mukhi Nepali Rudraksha. Perfect for daily japa meditation.,Full-length Rudraksha japa mala,https://images.unsplash.com/photo-1590249350651-28a2c5aa0de3?w=800&auto=format&fit=crop&q=80,34,ACTIVE,false
Gauri Shankar Rudraksha Handcrafted,RAM-RK-025,Rudraksha Collection,3319,4289,14,Rare naturally joined twin-bead Gauri Shankar Rudraksha symbolising Shiva-Parvati union. With authenticity certificate.,Naturally joined twin Rudraksha,https://images.unsplash.com/photo-1599643478518-a784e5dc4c8f?w=800&auto=format&fit=crop&q=80,9,ACTIVE,false
Rudraksha Tree Sapling Classic,RAM-RK-026,Rudraksha Collection,539,659,24,Live Rudraksha (Elaeocarpus) tree sapling for growing at home. Sacred plant that produces divine beads.,Live Rudraksha plant for home,https://images.unsplash.com/photo-1571406252241-db0280bd36cd?w=800&auto=format&fit=crop&q=80,345,ACTIVE,false
Siddha Mala (1-14 Mukhi Collection) Handcrafted,RAM-RK-027,Rudraksha Collection,20419,25119,5,Extremely rare complete Siddha Mala containing one bead of each mukhi from 1 to 14. Ultimate spiritual collection.,Complete 1 to 14 Mukhi set,https://images.unsplash.com/photo-1590249350651-28a2c5aa0de3?w=800&auto=format&fit=crop&q=80,57,ACTIVE,false
Rudraksha Kantha Mala Temple Grade,RAM-RK-028,Rudraksha Collection,1019,1189,35,Traditional multi-strand Rudraksha kantha mala worn close to the throat for constant spiritual protection.,Multi-strand Rudraksha neck piece,https://images.unsplash.com/photo-1599643478518-a784e5dc4c8f?w=800&auto=format&fit=crop&q=80,59,ACTIVE,false
Nepal vs Indonesian Rudraksha Set Premium,RAM-RK-029,Rudraksha Collection,669,739,46,Educational comparison set of Nepali (large) and Indonesian (small) Rudraksha beads with info card.,Comparison Rudraksha bead pair,https://images.unsplash.com/photo-1571406252241-db0280bd36cd?w=800&auto=format&fit=crop&q=80,17,ACTIVE,false
Rudraksha Rakhi Handcrafted,RAM-RK-030,Rudraksha Collection,249,319,150,Handmade Rakhi featuring genuine Rudraksha bead with golden thread and decorative stones. Spiritual protection for brother.,Sacred Rudraksha Raksha Bandhan thread,https://images.unsplash.com/photo-1590249350651-28a2c5aa0de3?w=800&auto=format&fit=crop&q=80,12,ACTIVE,false
4 Mukhi Rudraksha Bead Classic,RAM-RK-031,Rudraksha Collection,14359,16659,31,Lab-certified genuine 1 Mukhi Nepali Rudraksha bead with natural facets. Comes with certificate of authenticity.,Certified Nepali Rudraksha bead,https://images.unsplash.com/photo-1599643478518-a784e5dc4c8f?w=800&auto=format&fit=crop&q=80,4,ACTIVE,false
Rudraksha Combination Bracelet Sacred,RAM-RK-032,Rudraksha Collection,1889,2349,18,Handcrafted bracelet combining multiple mukhi Rudraksha beads for balanced planetary benefits and spiritual protection.,Multi-mukhi Rudraksha wristband,https://images.unsplash.com/photo-1571406252241-db0280bd36cd?w=800&auto=format&fit=crop&q=80,23,ACTIVE,false
Rudraksha Pendant Handcrafted in Silver,RAM-RK-033,Rudraksha Collection,8519,9799,13,Genuine Rudraksha bead set in sterling silver cap with Om engraving. Ready to wear on chain or thread.,Silver-capped Rudraksha pendant,https://images.unsplash.com/photo-1590249350651-28a2c5aa0de3?w=800&auto=format&fit=crop&q=80,9,ACTIVE,false
Rudraksha Mala 5 Mukhi 108+1 Beads Classic,RAM-RK-034,Rudraksha Collection,1279,1459,28,Complete 108+1 bead mala made from certified 5 Mukhi Nepali Rudraksha. Perfect for daily japa meditation.,Full-length Rudraksha japa mala,https://images.unsplash.com/photo-1599643478518-a784e5dc4c8f?w=800&auto=format&fit=crop&q=80,50,ACTIVE,false
Gauri Shankar Rudraksha Royal,RAM-RK-035,Rudraksha Collection,12619,14519,5,Rare naturally joined twin-bead Gauri Shankar Rudraksha symbolising Shiva-Parvati union. With authenticity certificate.,Naturally joined twin Rudraksha,https://images.unsplash.com/photo-1571406252241-db0280bd36cd?w=800&auto=format&fit=crop&q=80,8,ACTIVE,false
Rudraksha Tree Sapling Handcrafted,RAM-RK-036,Rudraksha Collection,589,729,32,Live Rudraksha (Elaeocarpus) tree sapling for growing at home. Sacred plant that produces divine beads.,Live Rudraksha plant for home,https://images.unsplash.com/photo-1590249350651-28a2c5aa0de3?w=800&auto=format&fit=crop&q=80,479,ACTIVE,false
Siddha Mala (1-14 Mukhi Collection) Traditional,RAM-RK-037,Rudraksha Collection,13549,15449,1,Extremely rare complete Siddha Mala containing one bead of each mukhi from 1 to 14. Ultimate spiritual collection.,Complete 1 to 14 Mukhi set,https://images.unsplash.com/photo-1599643478518-a784e5dc4c8f?w=800&auto=format&fit=crop&q=80,48,ACTIVE,false
Rudraksha Kantha Mala Deluxe,RAM-RK-038,Rudraksha Collection,1039,1259,21,Traditional multi-strand Rudraksha kantha mala worn close to the throat for constant spiritual protection.,Multi-strand Rudraksha neck piece,https://images.unsplash.com/photo-1571406252241-db0280bd36cd?w=800&auto=format&fit=crop&q=80,54,ACTIVE,false
Nepal vs Indonesian Rudraksha Set Traditional,RAM-RK-039,Rudraksha Collection,819,1059,34,Educational comparison set of Nepali (large) and Indonesian (small) Rudraksha beads with info card.,Comparison Rudraksha bead pair,https://images.unsplash.com/photo-1590249350651-28a2c5aa0de3?w=800&auto=format&fit=crop&q=80,18,ACTIVE,false
Rudraksha Rakhi Royal,RAM-RK-040,Rudraksha Collection,339,429,189,Handmade Rakhi featuring genuine Rudraksha bead with golden thread and decorative stones. Spiritual protection for brother.,Sacred Rudraksha Raksha Bandhan thread,https://images.unsplash.com/photo-1599643478518-a784e5dc4c8f?w=800&auto=format&fit=crop&q=80,13,ACTIVE,false
8 Mukhi Rudraksha Bead Deluxe,RAM-RK-041,Rudraksha Collection,18809,22199,24,Lab-certified genuine 9 Mukhi Nepali Rudraksha bead with natural facets. Comes with certificate of authenticity.,Certified Nepali Rudraksha bead,https://images.unsplash.com/photo-1571406252241-db0280bd36cd?w=800&auto=format&fit=crop&q=80,9,ACTIVE,false
Rudraksha Combination Bracelet Heritage,RAM-RK-042,Rudraksha Collection,1809,2269,36,Handcrafted bracelet combining multiple mukhi Rudraksha beads for balanced planetary benefits and spiritual protection.,Multi-mukhi Rudraksha wristband,https://images.unsplash.com/photo-1590249350651-28a2c5aa0de3?w=800&auto=format&fit=crop&q=80,22,ACTIVE,false
Rudraksha Pendant Heritage in Silver,RAM-RK-043,Rudraksha Collection,4999,5549,45,Genuine Rudraksha bead set in sterling silver cap with Om engraving. Ready to wear on chain or thread.,Silver-capped Rudraksha pendant,https://images.unsplash.com/photo-1599643478518-a784e5dc4c8f?w=800&auto=format&fit=crop&q=80,15,ACTIVE,false
Rudraksha Mala 5 Mukhi 108+1 Beads Artisan,RAM-RK-044,Rudraksha Collection,929,1119,45,Complete 108+1 bead mala made from certified 5 Mukhi Nepali Rudraksha. Perfect for daily japa meditation.,Full-length Rudraksha japa mala,https://images.unsplash.com/photo-1571406252241-db0280bd36cd?w=800&auto=format&fit=crop&q=80,62,ACTIVE,false
Gauri Shankar Rudraksha Classic,RAM-RK-045,Rudraksha Collection,14989,19189,6,Rare naturally joined twin-bead Gauri Shankar Rudraksha symbolising Shiva-Parvati union. With authenticity certificate.,Naturally joined twin Rudraksha,https://images.unsplash.com/photo-1590249350651-28a2c5aa0de3?w=800&auto=format&fit=crop&q=80,7,ACTIVE,false
Rudraksha Tree Sapling Deluxe,RAM-RK-046,Rudraksha Collection,599,739,22,Live Rudraksha (Elaeocarpus) tree sapling for growing at home. Sacred plant that produces divine beads.,Live Rudraksha plant for home,https://images.unsplash.com/photo-1599643478518-a784e5dc4c8f?w=800&auto=format&fit=crop&q=80,428,ACTIVE,false
Siddha Mala (1-14 Mukhi Collection) Classic,RAM-RK-047,Rudraksha Collection,30229,33559,5,Extremely rare complete Siddha Mala containing one bead of each mukhi from 1 to 14. Ultimate spiritual collection.,Complete 1 to 14 Mukhi set,https://images.unsplash.com/photo-1571406252241-db0280bd36cd?w=800&auto=format&fit=crop&q=80,37,ACTIVE,false
Rudraksha Kantha Mala Sacred,RAM-RK-048,Rudraksha Collection,2119,2569,49,Traditional multi-strand Rudraksha kantha mala worn close to the throat for constant spiritual protection.,Multi-strand Rudraksha neck piece,https://images.unsplash.com/photo-1590249350651-28a2c5aa0de3?w=800&auto=format&fit=crop&q=80,35,ACTIVE,false
Nepal vs Indonesian Rudraksha Set Deluxe,RAM-RK-049,Rudraksha Collection,719,859,36,Educational comparison set of Nepali (large) and Indonesian (small) Rudraksha beads with info card.,Comparison Rudraksha bead pair,https://images.unsplash.com/photo-1599643478518-a784e5dc4c8f?w=800&auto=format&fit=crop&q=80,18,ACTIVE,false
Rudraksha Rakhi Temple Grade,RAM-RK-050,Rudraksha Collection,209,279,144,Handmade Rakhi featuring genuine Rudraksha bead with golden thread and decorative stones. Spiritual protection for brother.,Sacred Rudraksha Raksha Bandhan thread,https://images.unsplash.com/photo-1571406252241-db0280bd36cd?w=800&auto=format&fit=crop&q=80,15,ACTIVE,false
Shree Yantra Copper Plate Extra Large Inch,RAM-YN-001,Yantra,2339,2689,59,"Consecrated pure copper Shree Yantra plate with gold plating for wealth, prosperity, and positive cosmic energy.",Energised Sri Yantra for prosperity,https://images.unsplash.com/photo-1618005182384-a83a8bd57fbe?w=800&auto=format&fit=crop&q=80,389,ACTIVE,true
Kuber Yantra Brass Small Inch,RAM-YN-002,Yantra,1169,1469,73,Energised brass Kuber Yantra for attracting financial abundance. Place in cash box or north-facing wall.,Wealth-attracting Kuber Yantra,https://images.unsplash.com/photo-1604607053070-6ede2b4c6747?w=800&auto=format&fit=crop&q=80,299,ACTIVE,true
Maha Lakshmi Yantra Premium,RAM-YN-003,Yantra,2239,2959,21,Siddh Maha Lakshmi Yantra for removing financial obstacles and attracting abundance and prosperity.,Goddess Lakshmi prosperity yantra,https://images.unsplash.com/photo-1571406252241-db0280bd36cd?w=800&auto=format&fit=crop&q=80,232,ACTIVE,true
Navgraha Yantra Copper Premium Inch,RAM-YN-004,Yantra,2649,2999,11,Comprehensive Navgraha Yantra containing symbols of all 9 planets for astrological balance and protection.,Nine-planet harmonising yantra,https://images.unsplash.com/photo-1618005182384-a83a8bd57fbe?w=800&auto=format&fit=crop&q=80,172,ACTIVE,false
Vastu Dosh Nivaran Yantra Temple Grade,RAM-YN-005,Yantra,1159,1509,56,Powerful Vastu Dosh Nivaran Yantra for correcting directional energy imbalances in home and office.,Vastu correction sacred plate,https://images.unsplash.com/photo-1604607053070-6ede2b4c6747?w=800&auto=format&fit=crop&q=80,41,ACTIVE,false
Mahamrityunjaya Yantra Handcrafted,RAM-YN-006,Yantra,1129,1369,29,"Sacred Mahamrityunjaya Yantra associated with Lord Shiva for health, longevity, and protection from illness.",Health and longevity yantra,https://images.unsplash.com/photo-1571406252241-db0280bd36cd?w=800&auto=format&fit=crop&q=80,246,ACTIVE,false
Baglamukhi Yantra Gold Plated Royal,RAM-YN-007,Yantra,529,649,35,"Gold-plated Baglamukhi Yantra for protection from enemies, court cases, and negative influences.",Enemy-protection sacred yantra,https://images.unsplash.com/photo-1618005182384-a83a8bd57fbe?w=800&auto=format&fit=crop&q=80,131,ACTIVE,false
Vyapar Vridhi Yantra Handcrafted,RAM-YN-008,Yantra,1819,2169,16,"Siddh Vyapar Vridhi Yantra for business growth, commercial success, and overcoming professional obstacles.",Business growth yantra,https://images.unsplash.com/photo-1604607053070-6ede2b4c6747?w=800&auto=format&fit=crop&q=80,200,ACTIVE,false
Saraswati Yantra for Students Temple Grade,RAM-YN-009,Yantra,1209,1469,93,"Saraswati Yantra for enhanced learning, memory, wisdom and academic success. Ideal for students and scholars.",Knowledge and education yantra,https://images.unsplash.com/photo-1571406252241-db0280bd36cd?w=800&auto=format&fit=crop&q=80,54,ACTIVE,false
Shree Yantra Copper Plate Medium Inch,RAM-YN-010,Yantra,2889,3359,54,"Consecrated pure copper Shree Yantra plate with gold plating for wealth, prosperity, and positive cosmic energy.",Energised Sri Yantra for prosperity,https://images.unsplash.com/photo-1618005182384-a83a8bd57fbe?w=800&auto=format&fit=crop&q=80,378,ACTIVE,false
Kuber Yantra Brass Premium Inch,RAM-YN-011,Yantra,2139,2439,16,Energised brass Kuber Yantra for attracting financial abundance. Place in cash box or north-facing wall.,Wealth-attracting Kuber Yantra,https://images.unsplash.com/photo-1604607053070-6ede2b4c6747?w=800&auto=format&fit=crop&q=80,223,ACTIVE,false
Maha Lakshmi Yantra Classic,RAM-YN-012,Yantra,1269,1399,55,Siddh Maha Lakshmi Yantra for removing financial obstacles and attracting abundance and prosperity.,Goddess Lakshmi prosperity yantra,https://images.unsplash.com/photo-1571406252241-db0280bd36cd?w=800&auto=format&fit=crop&q=80,148,ACTIVE,false
Navgraha Yantra Copper Jumbo Inch,RAM-YN-013,Yantra,839,1009,39,Comprehensive Navgraha Yantra containing symbols of all 9 planets for astrological balance and protection.,Nine-planet harmonising yantra,https://images.unsplash.com/photo-1618005182384-a83a8bd57fbe?w=800&auto=format&fit=crop&q=80,78,ACTIVE,false
Vastu Dosh Nivaran Yantra Handcrafted,RAM-YN-014,Yantra,209,269,62,Powerful Vastu Dosh Nivaran Yantra for correcting directional energy imbalances in home and office.,Vastu correction sacred plate,https://images.unsplash.com/photo-1604607053070-6ede2b4c6747?w=800&auto=format&fit=crop&q=80,213,ACTIVE,false
Mahamrityunjaya Yantra Traditional,RAM-YN-015,Yantra,389,449,15,"Sacred Mahamrityunjaya Yantra associated with Lord Shiva for health, longevity, and protection from illness.",Health and longevity yantra,https://images.unsplash.com/photo-1571406252241-db0280bd36cd?w=800&auto=format&fit=crop&q=80,240,ACTIVE,false
Baglamukhi Yantra Gold Plated Handcrafted,RAM-YN-016,Yantra,2719,3679,30,"Gold-plated Baglamukhi Yantra for protection from enemies, court cases, and negative influences.",Enemy-protection sacred yantra,https://images.unsplash.com/photo-1618005182384-a83a8bd57fbe?w=800&auto=format&fit=crop&q=80,152,ACTIVE,false
Vyapar Vridhi Yantra Traditional,RAM-YN-017,Yantra,1029,1309,80,"Siddh Vyapar Vridhi Yantra for business growth, commercial success, and overcoming professional obstacles.",Business growth yantra,https://images.unsplash.com/photo-1604607053070-6ede2b4c6747?w=800&auto=format&fit=crop&q=80,155,ACTIVE,false
Saraswati Yantra for Students Royal,RAM-YN-018,Yantra,829,1109,98,"Saraswati Yantra for enhanced learning, memory, wisdom and academic success. Ideal for students and scholars.",Knowledge and education yantra,https://images.unsplash.com/photo-1571406252241-db0280bd36cd?w=800&auto=format&fit=crop&q=80,157,ACTIVE,false
Shree Yantra Copper Plate Premium Inch,RAM-YN-019,Yantra,409,529,46,"Consecrated pure copper Shree Yantra plate with gold plating for wealth, prosperity, and positive cosmic energy.",Energised Sri Yantra for prosperity,https://images.unsplash.com/photo-1618005182384-a83a8bd57fbe?w=800&auto=format&fit=crop&q=80,328,ACTIVE,false
Kuber Yantra Brass Large Inch,RAM-YN-020,Yantra,2619,2959,72,Energised brass Kuber Yantra for attracting financial abundance. Place in cash box or north-facing wall.,Wealth-attracting Kuber Yantra,https://images.unsplash.com/photo-1604607053070-6ede2b4c6747?w=800&auto=format&fit=crop&q=80,192,ACTIVE,false
Maha Lakshmi Yantra Traditional,RAM-YN-021,Yantra,1449,1609,44,Siddh Maha Lakshmi Yantra for removing financial obstacles and attracting abundance and prosperity.,Goddess Lakshmi prosperity yantra,https://images.unsplash.com/photo-1571406252241-db0280bd36cd?w=800&auto=format&fit=crop&q=80,141,ACTIVE,false
Navgraha Yantra Copper Large Inch,RAM-YN-022,Yantra,1639,2149,60,Comprehensive Navgraha Yantra containing symbols of all 9 planets for astrological balance and protection.,Nine-planet harmonising yantra,https://images.unsplash.com/photo-1618005182384-a83a8bd57fbe?w=800&auto=format&fit=crop&q=80,305,ACTIVE,false
Vastu Dosh Nivaran Yantra Deluxe,RAM-YN-023,Yantra,719,879,17,Powerful Vastu Dosh Nivaran Yantra for correcting directional energy imbalances in home and office.,Vastu correction sacred plate,https://images.unsplash.com/photo-1604607053070-6ede2b4c6747?w=800&auto=format&fit=crop&q=80,137,ACTIVE,false
Mahamrityunjaya Yantra Deluxe,RAM-YN-024,Yantra,1759,2379,33,"Sacred Mahamrityunjaya Yantra associated with Lord Shiva for health, longevity, and protection from illness.",Health and longevity yantra,https://images.unsplash.com/photo-1571406252241-db0280bd36cd?w=800&auto=format&fit=crop&q=80,286,ACTIVE,false
Baglamukhi Yantra Gold Plated Premium,RAM-YN-025,Yantra,1349,1529,39,"Gold-plated Baglamukhi Yantra for protection from enemies, court cases, and negative influences.",Enemy-protection sacred yantra,https://images.unsplash.com/photo-1618005182384-a83a8bd57fbe?w=800&auto=format&fit=crop&q=80,174,ACTIVE,false
Vyapar Vridhi Yantra Premium,RAM-YN-026,Yantra,1599,1909,21,"Siddh Vyapar Vridhi Yantra for business growth, commercial success, and overcoming professional obstacles.",Business growth yantra,https://images.unsplash.com/photo-1604607053070-6ede2b4c6747?w=800&auto=format&fit=crop&q=80,64,ACTIVE,false
Saraswati Yantra for Students Heritage,RAM-YN-027,Yantra,1139,1529,95,"Saraswati Yantra for enhanced learning, memory, wisdom and academic success. Ideal for students and scholars.",Knowledge and education yantra,https://images.unsplash.com/photo-1571406252241-db0280bd36cd?w=800&auto=format&fit=crop&q=80,25,ACTIVE,false
Shree Yantra Copper Plate Standard Inch,RAM-YN-028,Yantra,2159,2899,16,"Consecrated pure copper Shree Yantra plate with gold plating for wealth, prosperity, and positive cosmic energy.",Energised Sri Yantra for prosperity,https://images.unsplash.com/photo-1618005182384-a83a8bd57fbe?w=800&auto=format&fit=crop&q=80,228,ACTIVE,false
Kuber Yantra Brass Jumbo Inch,RAM-YN-029,Yantra,2319,2699,22,Energised brass Kuber Yantra for attracting financial abundance. Place in cash box or north-facing wall.,Wealth-attracting Kuber Yantra,https://images.unsplash.com/photo-1604607053070-6ede2b4c6747?w=800&auto=format&fit=crop&q=80,263,ACTIVE,false
Maha Lakshmi Yantra Deluxe,RAM-YN-030,Yantra,2929,3459,59,Siddh Maha Lakshmi Yantra for removing financial obstacles and attracting abundance and prosperity.,Goddess Lakshmi prosperity yantra,https://images.unsplash.com/photo-1571406252241-db0280bd36cd?w=800&auto=format&fit=crop&q=80,34,ACTIVE,false
Navgraha Yantra Copper Compact Inch,RAM-YN-031,Yantra,2869,3249,60,Comprehensive Navgraha Yantra containing symbols of all 9 planets for astrological balance and protection.,Nine-planet harmonising yantra,https://images.unsplash.com/photo-1618005182384-a83a8bd57fbe?w=800&auto=format&fit=crop&q=80,117,ACTIVE,false
Vastu Dosh Nivaran Yantra Classic,RAM-YN-032,Yantra,2359,2789,56,Powerful Vastu Dosh Nivaran Yantra for correcting directional energy imbalances in home and office.,Vastu correction sacred plate,https://images.unsplash.com/photo-1604607053070-6ede2b4c6747?w=800&auto=format&fit=crop&q=80,145,ACTIVE,false
Mahamrityunjaya Yantra Royal,RAM-YN-033,Yantra,709,909,74,"Sacred Mahamrityunjaya Yantra associated with Lord Shiva for health, longevity, and protection from illness.",Health and longevity yantra,https://images.unsplash.com/photo-1571406252241-db0280bd36cd?w=800&auto=format&fit=crop&q=80,35,ACTIVE,false
Baglamukhi Yantra Gold Plated Classic,RAM-YN-034,Yantra,3079,3519,11,"Gold-plated Baglamukhi Yantra for protection from enemies, court cases, and negative influences.",Enemy-protection sacred yantra,https://images.unsplash.com/photo-1618005182384-a83a8bd57fbe?w=800&auto=format&fit=crop&q=80,97,ACTIVE,false
Vyapar Vridhi Yantra Sacred,RAM-YN-035,Yantra,2119,2359,16,"Siddh Vyapar Vridhi Yantra for business growth, commercial success, and overcoming professional obstacles.",Business growth yantra,https://images.unsplash.com/photo-1604607053070-6ede2b4c6747?w=800&auto=format&fit=crop&q=80,90,ACTIVE,false
Saraswati Yantra for Students Deluxe,RAM-YN-036,Yantra,1279,1489,55,"Saraswati Yantra for enhanced learning, memory, wisdom and academic success. Ideal for students and scholars.",Knowledge and education yantra,https://images.unsplash.com/photo-1571406252241-db0280bd36cd?w=800&auto=format&fit=crop&q=80,106,ACTIVE,false
Shree Yantra Copper Plate Small Inch,RAM-YN-037,Yantra,1409,1889,20,"Consecrated pure copper Shree Yantra plate with gold plating for wealth, prosperity, and positive cosmic energy.",Energised Sri Yantra for prosperity,https://images.unsplash.com/photo-1618005182384-a83a8bd57fbe?w=800&auto=format&fit=crop&q=80,301,ACTIVE,false
Kuber Yantra Brass Compact Inch,RAM-YN-038,Yantra,569,729,32,Energised brass Kuber Yantra for attracting financial abundance. Place in cash box or north-facing wall.,Wealth-attracting Kuber Yantra,https://images.unsplash.com/photo-1604607053070-6ede2b4c6747?w=800&auto=format&fit=crop&q=80,279,ACTIVE,false
Maha Lakshmi Yantra Handcrafted,RAM-YN-039,Yantra,1829,2359,63,Siddh Maha Lakshmi Yantra for removing financial obstacles and attracting abundance and prosperity.,Goddess Lakshmi prosperity yantra,https://images.unsplash.com/photo-1571406252241-db0280bd36cd?w=800&auto=format&fit=crop&q=80,217,ACTIVE,false
Navgraha Yantra Copper Medium Inch,RAM-YN-040,Yantra,799,1039,36,Comprehensive Navgraha Yantra containing symbols of all 9 planets for astrological balance and protection.,Nine-planet harmonising yantra,https://images.unsplash.com/photo-1618005182384-a83a8bd57fbe?w=800&auto=format&fit=crop&q=80,168,ACTIVE,false
Vastu Dosh Nivaran Yantra Premium,RAM-YN-041,Yantra,289,369,54,Powerful Vastu Dosh Nivaran Yantra for correcting directional energy imbalances in home and office.,Vastu correction sacred plate,https://images.unsplash.com/photo-1604607053070-6ede2b4c6747?w=800&auto=format&fit=crop&q=80,47,ACTIVE,false
Mahamrityunjaya Yantra Sacred,RAM-YN-042,Yantra,1279,1649,25,"Sacred Mahamrityunjaya Yantra associated with Lord Shiva for health, longevity, and protection from illness.",Health and longevity yantra,https://images.unsplash.com/photo-1571406252241-db0280bd36cd?w=800&auto=format&fit=crop&q=80,116,ACTIVE,false
Baglamukhi Yantra Gold Plated Traditional,RAM-YN-043,Yantra,2019,2289,11,"Gold-plated Baglamukhi Yantra for protection from enemies, court cases, and negative influences.",Enemy-protection sacred yantra,https://images.unsplash.com/photo-1618005182384-a83a8bd57fbe?w=800&auto=format&fit=crop&q=80,262,ACTIVE,false
Vyapar Vridhi Yantra Classic,RAM-YN-044,Yantra,649,769,55,"Siddh Vyapar Vridhi Yantra for business growth, commercial success, and overcoming professional obstacles.",Business growth yantra,https://images.unsplash.com/photo-1604607053070-6ede2b4c6747?w=800&auto=format&fit=crop&q=80,178,ACTIVE,false
Saraswati Yantra for Students Classic,RAM-YN-045,Yantra,1399,1709,49,"Saraswati Yantra for enhanced learning, memory, wisdom and academic success. Ideal for students and scholars.",Knowledge and education yantra,https://images.unsplash.com/photo-1571406252241-db0280bd36cd?w=800&auto=format&fit=crop&q=80,32,ACTIVE,false
Hanuman Chalisa Deluxe Edition,RAM-BS-001,Books & Scriptures,309,389,231,"Premium quality Hanuman Chalisa with Hindi text, English transliteration, and detailed meaning commentary.",Sacred Hanuman prayer book,https://images.unsplash.com/photo-1524995997946-a1c2e315a42f?w=800&auto=format&fit=crop&q=80,78,ACTIVE,true
Shrimad Bhagavad Gita Artisan,RAM-BS-002,Books & Scriptures,1119,1449,79,"Complete Shrimad Bhagavad Gita with Sanskrit shloka, Hindi translation, and philosophical commentary.",Complete Gita with commentary,https://images.unsplash.com/photo-1544947950-fa07a98d237f?w=800&auto=format&fit=crop&q=80,481,ACTIVE,true
Ramcharitmanas (Tulsi Ramayan) Sacred,RAM-BS-003,Books & Scriptures,869,1179,19,Complete Ramcharitmanas by Goswami Tulsidas in original Awadhi with Hindi translation and spiritual notes.,Tulsidas epic in original Awadhi,https://images.unsplash.com/photo-1512820790803-83ca734da794?w=800&auto=format&fit=crop&q=80,695,ACTIVE,true
Sunderkand Path Book Artisan,RAM-BS-004,Books & Scriptures,79,99,261,Beautifully formatted Sunderkand from Ramcharitmanas for weekly paath recitation with clear large text.,Hanuman's Lanka chapter for paath,https://images.unsplash.com/photo-1524995997946-a1c2e315a42f?w=800&auto=format&fit=crop&q=80,160,ACTIVE,false
Vishnu Sahasranama Stotra Handcrafted,RAM-BS-005,Books & Scriptures,309,409,198,"Vishnu Sahasranama with Sanskrit text, phonetic transliteration, meaning, and proper recitation guidance.",1000 names of Lord Vishnu,https://images.unsplash.com/photo-1544947950-fa07a98d237f?w=800&auto=format&fit=crop&q=80,87,ACTIVE,false
Durga Saptashati / Devi Mahatmyam Heritage,RAM-BS-006,Books & Scriptures,109,129,60,"Complete Durga Saptashati (Chandi Path) with proper vidhi, yantra illustrations, and translation.",700 verses of Goddess Durga,https://images.unsplash.com/photo-1512820790803-83ca734da794?w=800&auto=format&fit=crop&q=80,146,ACTIVE,false
Shiv Purana Handcrafted Edition,RAM-BS-007,Books & Scriptures,379,469,37,"Comprehensive Shiv Purana with sacred stories, mythology, and philosophical teachings of Lord Mahadev.",Sacred stories of Lord Shiva,https://images.unsplash.com/photo-1524995997946-a1c2e315a42f?w=800&auto=format&fit=crop&q=80,480,ACTIVE,false
Satyanarayan Katha Book Traditional,RAM-BS-008,Books & Scriptures,49,59,232,"Complete Satyanarayan Vrat Katha with puja vidhi, aarti, and all five chapters for monthly vrat observance.",Vrat katha for Satyanarayan puja,https://images.unsplash.com/photo-1544947950-fa07a98d237f?w=800&auto=format&fit=crop&q=80,36,ACTIVE,false
Aarti Sangrah Collection Traditional,RAM-BS-009,Books & Scriptures,259,339,105,Comprehensive aarti sangrah containing 101 aartis for all major Hindu deities with notation and meaning.,All-deity aarti compilation,https://images.unsplash.com/photo-1512820790803-83ca734da794?w=800&auto=format&fit=crop&q=80,162,ACTIVE,false
Yoga Vashishtha Temple Grade,RAM-BS-010,Books & Scriptures,479,559,30,"Sage Vashishtha's teachings to Lord Rama on consciousness, liberation, and the nature of reality.",Philosophical discourse on liberation,https://images.unsplash.com/photo-1524995997946-a1c2e315a42f?w=800&auto=format&fit=crop&q=80,549,ACTIVE,false
Hanuman Chalisa Royal Edition,RAM-BS-011,Books & Scriptures,179,209,69,"Premium quality Hanuman Chalisa with Hindi text, English transliteration, and detailed meaning commentary.",Sacred Hanuman prayer book,https://images.unsplash.com/photo-1544947950-fa07a98d237f?w=800&auto=format&fit=crop&q=80,59,ACTIVE,false
Shrimad Bhagavad Gita Classic,RAM-BS-012,Books & Scriptures,849,989,22,"Complete Shrimad Bhagavad Gita with Sanskrit shloka, Hindi translation, and philosophical commentary.",Complete Gita with commentary,https://images.unsplash.com/photo-1512820790803-83ca734da794?w=800&auto=format&fit=crop&q=80,448,ACTIVE,false
Ramcharitmanas (Tulsi Ramayan) Temple Grade,RAM-BS-013,Books & Scriptures,779,919,23,Complete Ramcharitmanas by Goswami Tulsidas in original Awadhi with Hindi translation and spiritual notes.,Tulsidas epic in original Awadhi,https://images.unsplash.com/photo-1524995997946-a1c2e315a42f?w=800&auto=format&fit=crop&q=80,931,ACTIVE,false
Sunderkand Path Book Deluxe,RAM-BS-014,Books & Scriptures,99,129,189,Beautifully formatted Sunderkand from Ramcharitmanas for weekly paath recitation with clear large text.,Hanuman's Lanka chapter for paath,https://images.unsplash.com/photo-1544947950-fa07a98d237f?w=800&auto=format&fit=crop&q=80,101,ACTIVE,false
Vishnu Sahasranama Stotra Traditional,RAM-BS-015,Books & Scriptures,349,459,49,"Vishnu Sahasranama with Sanskrit text, phonetic transliteration, meaning, and proper recitation guidance.",1000 names of Lord Vishnu,https://images.unsplash.com/photo-1512820790803-83ca734da794?w=800&auto=format&fit=crop&q=80,183,ACTIVE,false
Durga Saptashati / Devi Mahatmyam Handcrafted,RAM-BS-016,Books & Scriptures,159,219,54,"Complete Durga Saptashati (Chandi Path) with proper vidhi, yantra illustrations, and translation.",700 verses of Goddess Durga,https://images.unsplash.com/photo-1524995997946-a1c2e315a42f?w=800&auto=format&fit=crop&q=80,379,ACTIVE,false
Shiv Purana Heritage Edition,RAM-BS-017,Books & Scriptures,259,319,22,"Comprehensive Shiv Purana with sacred stories, mythology, and philosophical teachings of Lord Mahadev.",Sacred stories of Lord Shiva,https://images.unsplash.com/photo-1544947950-fa07a98d237f?w=800&auto=format&fit=crop&q=80,683,ACTIVE,false
Satyanarayan Katha Book Deluxe,RAM-BS-018,Books & Scriptures,49,69,249,"Complete Satyanarayan Vrat Katha with puja vidhi, aarti, and all five chapters for monthly vrat observance.",Vrat katha for Satyanarayan puja,https://images.unsplash.com/photo-1512820790803-83ca734da794?w=800&auto=format&fit=crop&q=80,96,ACTIVE,false
Aarti Sangrah Collection Premium,RAM-BS-019,Books & Scriptures,269,299,60,Comprehensive aarti sangrah containing 101 aartis for all major Hindu deities with notation and meaning.,All-deity aarti compilation,https://images.unsplash.com/photo-1524995997946-a1c2e315a42f?w=800&auto=format&fit=crop&q=80,193,ACTIVE,false
Yoga Vashishtha Classic,RAM-BS-020,Books & Scriptures,239,299,16,"Sage Vashishtha's teachings to Lord Rama on consciousness, liberation, and the nature of reality.",Philosophical discourse on liberation,https://images.unsplash.com/photo-1544947950-fa07a98d237f?w=800&auto=format&fit=crop&q=80,457,ACTIVE,false
Hanuman Chalisa Classic Edition,RAM-BS-021,Books & Scriptures,369,479,264,"Premium quality Hanuman Chalisa with Hindi text, English transliteration, and detailed meaning commentary.",Sacred Hanuman prayer book,https://images.unsplash.com/photo-1512820790803-83ca734da794?w=800&auto=format&fit=crop&q=80,165,ACTIVE,false
Shrimad Bhagavad Gita Handcrafted,RAM-BS-022,Books & Scriptures,1009,1229,100,"Complete Shrimad Bhagavad Gita with Sanskrit shloka, Hindi translation, and philosophical commentary.",Complete Gita with commentary,https://images.unsplash.com/photo-1524995997946-a1c2e315a42f?w=800&auto=format&fit=crop&q=80,453,ACTIVE,false
Ramcharitmanas (Tulsi Ramayan) Heritage,RAM-BS-023,Books & Scriptures,1199,1429,69,Complete Ramcharitmanas by Goswami Tulsidas in original Awadhi with Hindi translation and spiritual notes.,Tulsidas epic in original Awadhi,https://images.unsplash.com/photo-1544947950-fa07a98d237f?w=800&auto=format&fit=crop&q=80,536,ACTIVE,false
Sunderkand Path Book Traditional,RAM-BS-024,Books & Scriptures,139,179,282,Beautifully formatted Sunderkand from Ramcharitmanas for weekly paath recitation with clear large text.,Hanuman's Lanka chapter for paath,https://images.unsplash.com/photo-1512820790803-83ca734da794?w=800&auto=format&fit=crop&q=80,138,ACTIVE,false
Vishnu Sahasranama Stotra Premium,RAM-BS-025,Books & Scriptures,69,99,164,"Vishnu Sahasranama with Sanskrit text, phonetic transliteration, meaning, and proper recitation guidance.",1000 names of Lord Vishnu,https://images.unsplash.com/photo-1524995997946-a1c2e315a42f?w=800&auto=format&fit=crop&q=80,107,ACTIVE,false
Durga Saptashati / Devi Mahatmyam Premium,RAM-BS-026,Books & Scriptures,169,209,59,"Complete Durga Saptashati (Chandi Path) with proper vidhi, yantra illustrations, and translation.",700 verses of Goddess Durga,https://images.unsplash.com/photo-1544947950-fa07a98d237f?w=800&auto=format&fit=crop&q=80,354,ACTIVE,false
Shiv Purana Sacred Edition,RAM-BS-027,Books & Scriptures,469,549,20,"Comprehensive Shiv Purana with sacred stories, mythology, and philosophical teachings of Lord Mahadev.",Sacred stories of Lord Shiva,https://images.unsplash.com/photo-1512820790803-83ca734da794?w=800&auto=format&fit=crop&q=80,215,ACTIVE,false
Satyanarayan Katha Book Handcrafted,RAM-BS-028,Books & Scriptures,169,229,119,"Complete Satyanarayan Vrat Katha with puja vidhi, aarti, and all five chapters for monthly vrat observance.",Vrat katha for Satyanarayan puja,https://images.unsplash.com/photo-1524995997946-a1c2e315a42f?w=800&auto=format&fit=crop&q=80,88,ACTIVE,false
Aarti Sangrah Collection Sacred,RAM-BS-029,Books & Scriptures,169,219,134,Comprehensive aarti sangrah containing 101 aartis for all major Hindu deities with notation and meaning.,All-deity aarti compilation,https://images.unsplash.com/photo-1544947950-fa07a98d237f?w=800&auto=format&fit=crop&q=80,118,ACTIVE,false
Yoga Vashishtha Traditional,RAM-BS-030,Books & Scriptures,1249,1469,25,"Sage Vashishtha's teachings to Lord Rama on consciousness, liberation, and the nature of reality.",Philosophical discourse on liberation,https://images.unsplash.com/photo-1512820790803-83ca734da794?w=800&auto=format&fit=crop&q=80,263,ACTIVE,false
Hanuman Chalisa Handcrafted Edition,RAM-BS-031,Books & Scriptures,129,149,143,"Premium quality Hanuman Chalisa with Hindi text, English transliteration, and detailed meaning commentary.",Sacred Hanuman prayer book,https://images.unsplash.com/photo-1524995997946-a1c2e315a42f?w=800&auto=format&fit=crop&q=80,166,ACTIVE,false
Shrimad Bhagavad Gita Traditional,RAM-BS-032,Books & Scriptures,679,829,92,"Complete Shrimad Bhagavad Gita with Sanskrit shloka, Hindi translation, and philosophical commentary.",Complete Gita with commentary,https://images.unsplash.com/photo-1544947950-fa07a98d237f?w=800&auto=format&fit=crop&q=80,371,ACTIVE,false
Ramcharitmanas (Tulsi Ramayan) Classic,RAM-BS-033,Books & Scriptures,969,1139,31,Complete Ramcharitmanas by Goswami Tulsidas in original Awadhi with Hindi translation and spiritual notes.,Tulsidas epic in original Awadhi,https://images.unsplash.com/photo-1512820790803-83ca734da794?w=800&auto=format&fit=crop&q=80,880,ACTIVE,false
Sunderkand Path Book Classic,RAM-BS-034,Books & Scriptures,199,219,129,Beautifully formatted Sunderkand from Ramcharitmanas for weekly paath recitation with clear large text.,Hanuman's Lanka chapter for paath,https://images.unsplash.com/photo-1524995997946-a1c2e315a42f?w=800&auto=format&fit=crop&q=80,92,ACTIVE,false
Vishnu Sahasranama Stotra Artisan,RAM-BS-035,Books & Scriptures,129,149,93,"Vishnu Sahasranama with Sanskrit text, phonetic transliteration, meaning, and proper recitation guidance.",1000 names of Lord Vishnu,https://images.unsplash.com/photo-1544947950-fa07a98d237f?w=800&auto=format&fit=crop&q=80,123,ACTIVE,false
Durga Saptashati / Devi Mahatmyam Royal,RAM-BS-036,Books & Scriptures,579,749,28,"Complete Durga Saptashati (Chandi Path) with proper vidhi, yantra illustrations, and translation.",700 verses of Goddess Durga,https://images.unsplash.com/photo-1512820790803-83ca734da794?w=800&auto=format&fit=crop&q=80,116,ACTIVE,false
Shiv Purana Premium Edition,RAM-BS-037,Books & Scriptures,959,1139,44,"Comprehensive Shiv Purana with sacred stories, mythology, and philosophical teachings of Lord Mahadev.",Sacred stories of Lord Shiva,https://images.unsplash.com/photo-1524995997946-a1c2e315a42f?w=800&auto=format&fit=crop&q=80,533,ACTIVE,false
Satyanarayan Katha Book Premium,RAM-BS-038,Books & Scriptures,159,219,291,"Complete Satyanarayan Vrat Katha with puja vidhi, aarti, and all five chapters for monthly vrat observance.",Vrat katha for Satyanarayan puja,https://images.unsplash.com/photo-1544947950-fa07a98d237f?w=800&auto=format&fit=crop&q=80,95,ACTIVE,false
Aarti Sangrah Collection Royal,RAM-BS-039,Books & Scriptures,139,189,40,Comprehensive aarti sangrah containing 101 aartis for all major Hindu deities with notation and meaning.,All-deity aarti compilation,https://images.unsplash.com/photo-1512820790803-83ca734da794?w=800&auto=format&fit=crop&q=80,86,ACTIVE,false
Yoga Vashishtha Artisan,RAM-BS-040,Books & Scriptures,489,599,24,"Sage Vashishtha's teachings to Lord Rama on consciousness, liberation, and the nature of reality.",Philosophical discourse on liberation,https://images.unsplash.com/photo-1524995997946-a1c2e315a42f?w=800&auto=format&fit=crop&q=80,361,ACTIVE,false
Hanuman Chalisa Temple Grade Edition,RAM-BS-041,Books & Scriptures,439,569,83,"Premium quality Hanuman Chalisa with Hindi text, English transliteration, and detailed meaning commentary.",Sacred Hanuman prayer book,https://images.unsplash.com/photo-1544947950-fa07a98d237f?w=800&auto=format&fit=crop&q=80,119,ACTIVE,false
Shrimad Bhagavad Gita Premium,RAM-BS-042,Books & Scriptures,1089,1399,57,"Complete Shrimad Bhagavad Gita with Sanskrit shloka, Hindi translation, and philosophical commentary.",Complete Gita with commentary,https://images.unsplash.com/photo-1512820790803-83ca734da794?w=800&auto=format&fit=crop&q=80,630,ACTIVE,false
Ramcharitmanas (Tulsi Ramayan) Artisan,RAM-BS-043,Books & Scriptures,1209,1429,78,Complete Ramcharitmanas by Goswami Tulsidas in original Awadhi with Hindi translation and spiritual notes.,Tulsidas epic in original Awadhi,https://images.unsplash.com/photo-1524995997946-a1c2e315a42f?w=800&auto=format&fit=crop&q=80,963,ACTIVE,false
Sunderkand Path Book Sacred,RAM-BS-044,Books & Scriptures,249,309,210,Beautifully formatted Sunderkand from Ramcharitmanas for weekly paath recitation with clear large text.,Hanuman's Lanka chapter for paath,https://images.unsplash.com/photo-1544947950-fa07a98d237f?w=800&auto=format&fit=crop&q=80,140,ACTIVE,false
Vishnu Sahasranama Stotra Deluxe,RAM-BS-045,Books & Scriptures,119,139,52,"Vishnu Sahasranama with Sanskrit text, phonetic transliteration, meaning, and proper recitation guidance.",1000 names of Lord Vishnu,https://images.unsplash.com/photo-1512820790803-83ca734da794?w=800&auto=format&fit=crop&q=80,97,ACTIVE,false
Durga Saptashati / Devi Mahatmyam Classic,RAM-BS-046,Books & Scriptures,219,299,87,"Complete Durga Saptashati (Chandi Path) with proper vidhi, yantra illustrations, and translation.",700 verses of Goddess Durga,https://images.unsplash.com/photo-1524995997946-a1c2e315a42f?w=800&auto=format&fit=crop&q=80,333,ACTIVE,false
Shiv Purana Traditional Edition,RAM-BS-047,Books & Scriptures,439,539,31,"Comprehensive Shiv Purana with sacred stories, mythology, and philosophical teachings of Lord Mahadev.",Sacred stories of Lord Shiva,https://images.unsplash.com/photo-1544947950-fa07a98d237f?w=800&auto=format&fit=crop&q=80,478,ACTIVE,false
Satyanarayan Katha Book Artisan,RAM-BS-048,Books & Scriptures,79,99,207,"Complete Satyanarayan Vrat Katha with puja vidhi, aarti, and all five chapters for monthly vrat observance.",Vrat katha for Satyanarayan puja,https://images.unsplash.com/photo-1512820790803-83ca734da794?w=800&auto=format&fit=crop&q=80,49,ACTIVE,false
Aarti Sangrah Collection Heritage,RAM-BS-049,Books & Scriptures,229,309,113,Comprehensive aarti sangrah containing 101 aartis for all major Hindu deities with notation and meaning.,All-deity aarti compilation,https://images.unsplash.com/photo-1524995997946-a1c2e315a42f?w=800&auto=format&fit=crop&q=80,105,ACTIVE,false
Yoga Vashishtha Heritage,RAM-BS-050,Books & Scriptures,1239,1569,30,"Sage Vashishtha's teachings to Lord Rama on consciousness, liberation, and the nature of reality.",Philosophical discourse on liberation,https://images.unsplash.com/photo-1544947950-fa07a98d237f?w=800&auto=format&fit=crop&q=80,242,ACTIVE,false
Diwali Pooja Complete Kit Classic,RAM-FS-001,Festival Special,3869,4299,53,"Complete Diwali celebration kit with Lakshmi-Ganesh murti, diyas, rangoli stencils, samagri, and decorations.",All-in-one Deepavali celebration kit,https://images.unsplash.com/photo-1609357605129-26f69add5d6e?w=800&auto=format&fit=crop&q=80,523,ACTIVE,true
Navratri Garba Decoration Set Traditional,RAM-FS-002,Festival Special,2379,2689,22,"Complete Navratri decoration set with garbi, toran, artificial flowers, LED lights, and Durga backdrop.",Festival decor for nine nights,https://images.unsplash.com/photo-1604607053070-6ede2b4c6747?w=800&auto=format&fit=crop&q=80,1454,ACTIVE,true
Janmashtami Krishna Jhula Swing Classic,RAM-FS-003,Festival Special,2459,2979,38,Beautifully decorated miniature swing (jhula) for Laddu Gopal during Janmashtami celebrations.,Decorated swing for baby Krishna,https://images.unsplash.com/photo-1605649461121-e82138c51b7e?w=800&auto=format&fit=crop&q=80,728,ACTIVE,true
Shivratri Special Bel Patra Set Temple Grade,RAM-FS-004,Festival Special,589,799,84,"Fresh and dried bel patra (bilva leaves) set with dhatura, bhasam, and other Shiv Ratri puja essentials.",Sacred bel leaves and offerings,https://images.unsplash.com/photo-1609357605129-26f69add5d6e?w=800&auto=format&fit=crop&q=80,222,ACTIVE,false
Ganesh Chaturthi Decoration Kit Classic,RAM-FS-005,Festival Special,969,1279,34,"Full Ganesh Chaturthi kit with eco-friendly clay idol, modak mould, decoration items, and puja samagri.",Complete Ganesh festival kit,https://images.unsplash.com/photo-1604607053070-6ede2b4c6747?w=800&auto=format&fit=crop&q=80,966,ACTIVE,false
Holi Festival Colour Set Classic,RAM-FS-006,Festival Special,289,369,89,"Set of organic natural Holi colours made from flowers and herbs. Skin-safe, eco-friendly, and vibrant.",Organic natural Holi colours,https://images.unsplash.com/photo-1605649461121-e82138c51b7e?w=800&auto=format&fit=crop&q=80,857,ACTIVE,false
Karwa Chauth Pooja Thali Set Traditional,RAM-FS-007,Festival Special,409,459,45,"Beautiful decorated karwa chauth thali with karwa pot, chalni sieve, bangles, and all puja essentials.",Complete fasting festival kit,https://images.unsplash.com/photo-1609357605129-26f69add5d6e?w=800&auto=format&fit=crop&q=80,729,ACTIVE,false
Makar Sankranti Kite Festival Kit Heritage,RAM-FS-008,Festival Special,809,919,29,"Festive Makar Sankranti kit with colourful kites, manja, til gur sweets preparation mix, and decorations.",Traditional kite flying celebration set,https://images.unsplash.com/photo-1604607053070-6ede2b4c6747?w=800&auto=format&fit=crop&q=80,115,ACTIVE,false
Ram Navami Celebration Kit Royal,RAM-FS-009,Festival Special,289,349,34,"Complete Ram Navami kit with miniature bow-arrow set, tulsi mala, Ram sticker, and havan samagri.",Lord Ram birthday celebration items,https://images.unsplash.com/photo-1605649461121-e82138c51b7e?w=800&auto=format&fit=crop&q=80,493,ACTIVE,false
Chhath Pooja Samagri Kit Heritage,RAM-FS-010,Festival Special,1869,2489,10,"Complete Chhath Puja kit with soop, thekua mould, fruits, and all offerings for Surya Deva worship.",Sun worship ritual complete kit,https://images.unsplash.com/photo-1609357605129-26f69add5d6e?w=800&auto=format&fit=crop&q=80,881,ACTIVE,false
Diwali Pooja Complete Kit Premium,RAM-FS-011,Festival Special,609,829,30,"Complete Diwali celebration kit with Lakshmi-Ganesh murti, diyas, rangoli stencils, samagri, and decorations.",All-in-one Deepavali celebration kit,https://images.unsplash.com/photo-1604607053070-6ede2b4c6747?w=800&auto=format&fit=crop&q=80,2071,ACTIVE,false
Navratri Garba Decoration Set Classic,RAM-FS-012,Festival Special,2889,3909,36,"Complete Navratri decoration set with garbi, toran, artificial flowers, LED lights, and Durga backdrop.",Festival decor for nine nights,https://images.unsplash.com/photo-1605649461121-e82138c51b7e?w=800&auto=format&fit=crop&q=80,623,ACTIVE,false
Janmashtami Krishna Jhula Swing Heritage,RAM-FS-013,Festival Special,499,609,35,Beautifully decorated miniature swing (jhula) for Laddu Gopal during Janmashtami celebrations.,Decorated swing for baby Krishna,https://images.unsplash.com/photo-1609357605129-26f69add5d6e?w=800&auto=format&fit=crop&q=80,647,ACTIVE,false
Shivratri Special Bel Patra Set Royal,RAM-FS-014,Festival Special,109,149,93,"Fresh and dried bel patra (bilva leaves) set with dhatura, bhasam, and other Shiv Ratri puja essentials.",Sacred bel leaves and offerings,https://images.unsplash.com/photo-1604607053070-6ede2b4c6747?w=800&auto=format&fit=crop&q=80,83,ACTIVE,false
Ganesh Chaturthi Decoration Kit Traditional,RAM-FS-015,Festival Special,429,519,45,"Full Ganesh Chaturthi kit with eco-friendly clay idol, modak mould, decoration items, and puja samagri.",Complete Ganesh festival kit,https://images.unsplash.com/photo-1605649461121-e82138c51b7e?w=800&auto=format&fit=crop&q=80,914,ACTIVE,false
Holi Festival Colour Set Heritage,RAM-FS-016,Festival Special,479,609,55,"Set of organic natural Holi colours made from flowers and herbs. Skin-safe, eco-friendly, and vibrant.",Organic natural Holi colours,https://images.unsplash.com/photo-1609357605129-26f69add5d6e?w=800&auto=format&fit=crop&q=80,926,ACTIVE,false
Karwa Chauth Pooja Thali Set Artisan,RAM-FS-017,Festival Special,1979,2299,47,"Beautiful decorated karwa chauth thali with karwa pot, chalni sieve, bangles, and all puja essentials.",Complete fasting festival kit,https://images.unsplash.com/photo-1604607053070-6ede2b4c6747?w=800&auto=format&fit=crop&q=80,518,ACTIVE,false
Makar Sankranti Kite Festival Kit Sacred,RAM-FS-018,Festival Special,819,1079,60,"Festive Makar Sankranti kit with colourful kites, manja, til gur sweets preparation mix, and decorations.",Traditional kite flying celebration set,https://images.unsplash.com/photo-1605649461121-e82138c51b7e?w=800&auto=format&fit=crop&q=80,180,ACTIVE,false
Ram Navami Celebration Kit Handcrafted,RAM-FS-019,Festival Special,639,819,27,"Complete Ram Navami kit with miniature bow-arrow set, tulsi mala, Ram sticker, and havan samagri.",Lord Ram birthday celebration items,https://images.unsplash.com/photo-1609357605129-26f69add5d6e?w=800&auto=format&fit=crop&q=80,721,ACTIVE,false
Chhath Pooja Samagri Kit Traditional,RAM-FS-020,Festival Special,1779,2209,11,"Complete Chhath Puja kit with soop, thekua mould, fruits, and all offerings for Surya Deva worship.",Sun worship ritual complete kit,https://images.unsplash.com/photo-1604607053070-6ede2b4c6747?w=800&auto=format&fit=crop&q=80,918,ACTIVE,false
Diwali Pooja Complete Kit Deluxe,RAM-FS-021,Festival Special,2979,3939,14,"Complete Diwali celebration kit with Lakshmi-Ganesh murti, diyas, rangoli stencils, samagri, and decorations.",All-in-one Deepavali celebration kit,https://images.unsplash.com/photo-1605649461121-e82138c51b7e?w=800&auto=format&fit=crop&q=80,616,ACTIVE,false
Navratri Garba Decoration Set Premium,RAM-FS-022,Festival Special,1919,2559,15,"Complete Navratri decoration set with garbi, toran, artificial flowers, LED lights, and Durga backdrop.",Festival decor for nine nights,https://images.unsplash.com/photo-1609357605129-26f69add5d6e?w=800&auto=format&fit=crop&q=80,1309,ACTIVE,false
Janmashtami Krishna Jhula Swing Sacred,RAM-FS-023,Festival Special,2429,2699,36,Beautifully decorated miniature swing (jhula) for Laddu Gopal during Janmashtami celebrations.,Decorated swing for baby Krishna,https://images.unsplash.com/photo-1604607053070-6ede2b4c6747?w=800&auto=format&fit=crop&q=80,568,ACTIVE,false
Shivratri Special Bel Patra Set Deluxe,RAM-FS-024,Festival Special,259,339,76,"Fresh and dried bel patra (bilva leaves) set with dhatura, bhasam, and other Shiv Ratri puja essentials.",Sacred bel leaves and offerings,https://images.unsplash.com/photo-1605649461121-e82138c51b7e?w=800&auto=format&fit=crop&q=80,220,ACTIVE,false
Ganesh Chaturthi Decoration Kit Heritage,RAM-FS-025,Festival Special,2699,3049,40,"Full Ganesh Chaturthi kit with eco-friendly clay idol, modak mould, decoration items, and puja samagri.",Complete Ganesh festival kit,https://images.unsplash.com/photo-1609357605129-26f69add5d6e?w=800&auto=format&fit=crop&q=80,873,ACTIVE,false
Holi Festival Colour Set Sacred,RAM-FS-026,Festival Special,189,249,86,"Set of organic natural Holi colours made from flowers and herbs. Skin-safe, eco-friendly, and vibrant.",Organic natural Holi colours,https://images.unsplash.com/photo-1604607053070-6ede2b4c6747?w=800&auto=format&fit=crop&q=80,326,ACTIVE,false
Karwa Chauth Pooja Thali Set Temple Grade,RAM-FS-027,Festival Special,379,469,15,"Beautiful decorated karwa chauth thali with karwa pot, chalni sieve, bangles, and all puja essentials.",Complete fasting festival kit,https://images.unsplash.com/photo-1605649461121-e82138c51b7e?w=800&auto=format&fit=crop&q=80,356,ACTIVE,false
Makar Sankranti Kite Festival Kit Classic,RAM-FS-028,Festival Special,429,549,54,"Festive Makar Sankranti kit with colourful kites, manja, til gur sweets preparation mix, and decorations.",Traditional kite flying celebration set,https://images.unsplash.com/photo-1609357605129-26f69add5d6e?w=800&auto=format&fit=crop&q=80,114,ACTIVE,false
Ram Navami Celebration Kit Artisan,RAM-FS-029,Festival Special,409,499,38,"Complete Ram Navami kit with miniature bow-arrow set, tulsi mala, Ram sticker, and havan samagri.",Lord Ram birthday celebration items,https://images.unsplash.com/photo-1604607053070-6ede2b4c6747?w=800&auto=format&fit=crop&q=80,278,ACTIVE,false
Chhath Pooja Samagri Kit Classic,RAM-FS-030,Festival Special,1509,1979,38,"Complete Chhath Puja kit with soop, thekua mould, fruits, and all offerings for Surya Deva worship.",Sun worship ritual complete kit,https://images.unsplash.com/photo-1605649461121-e82138c51b7e?w=800&auto=format&fit=crop&q=80,421,ACTIVE,false
Diwali Pooja Complete Kit Handcrafted,RAM-FS-031,Festival Special,2759,3339,18,"Complete Diwali celebration kit with Lakshmi-Ganesh murti, diyas, rangoli stencils, samagri, and decorations.",All-in-one Deepavali celebration kit,https://images.unsplash.com/photo-1609357605129-26f69add5d6e?w=800&auto=format&fit=crop&q=80,1706,ACTIVE,false
Navratri Garba Decoration Set Artisan,RAM-FS-032,Festival Special,3189,3609,37,"Complete Navratri decoration set with garbi, toran, artificial flowers, LED lights, and Durga backdrop.",Festival decor for nine nights,https://images.unsplash.com/photo-1604607053070-6ede2b4c6747?w=800&auto=format&fit=crop&q=80,481,ACTIVE,false
Janmashtami Krishna Jhula Swing Premium,RAM-FS-033,Festival Special,589,649,29,Beautifully decorated miniature swing (jhula) for Laddu Gopal during Janmashtami celebrations.,Decorated swing for baby Krishna,https://images.unsplash.com/photo-1605649461121-e82138c51b7e?w=800&auto=format&fit=crop&q=80,952,ACTIVE,false
Shivratri Special Bel Patra Set Sacred,RAM-FS-034,Festival Special,169,209,56,"Fresh and dried bel patra (bilva leaves) set with dhatura, bhasam, and other Shiv Ratri puja essentials.",Sacred bel leaves and offerings,https://images.unsplash.com/photo-1609357605129-26f69add5d6e?w=800&auto=format&fit=crop&q=80,122,ACTIVE,false
Ganesh Chaturthi Decoration Kit Deluxe,RAM-FS-035,Festival Special,2999,3539,14,"Full Ganesh Chaturthi kit with eco-friendly clay idol, modak mould, decoration items, and puja samagri.",Complete Ganesh festival kit,https://images.unsplash.com/photo-1604607053070-6ede2b4c6747?w=800&auto=format&fit=crop&q=80,1971,ACTIVE,false
Holi Festival Colour Set Deluxe,RAM-FS-036,Festival Special,579,759,40,"Set of organic natural Holi colours made from flowers and herbs. Skin-safe, eco-friendly, and vibrant.",Organic natural Holi colours,https://images.unsplash.com/photo-1605649461121-e82138c51b7e?w=800&auto=format&fit=crop&q=80,783,ACTIVE,false
Karwa Chauth Pooja Thali Set Heritage,RAM-FS-037,Festival Special,359,429,47,"Beautiful decorated karwa chauth thali with karwa pot, chalni sieve, bangles, and all puja essentials.",Complete fasting festival kit,https://images.unsplash.com/photo-1609357605129-26f69add5d6e?w=800&auto=format&fit=crop&q=80,437,ACTIVE,false
Makar Sankranti Kite Festival Kit Premium,RAM-FS-038,Festival Special,529,709,31,"Festive Makar Sankranti kit with colourful kites, manja, til gur sweets preparation mix, and decorations.",Traditional kite flying celebration set,https://images.unsplash.com/photo-1604607053070-6ede2b4c6747?w=800&auto=format&fit=crop&q=80,188,ACTIVE,false
Ram Navami Celebration Kit Sacred,RAM-FS-039,Festival Special,769,859,13,"Complete Ram Navami kit with miniature bow-arrow set, tulsi mala, Ram sticker, and havan samagri.",Lord Ram birthday celebration items,https://images.unsplash.com/photo-1605649461121-e82138c51b7e?w=800&auto=format&fit=crop&q=80,395,ACTIVE,false
Chhath Pooja Samagri Kit Premium,RAM-FS-040,Festival Special,1909,2279,50,"Complete Chhath Puja kit with soop, thekua mould, fruits, and all offerings for Surya Deva worship.",Sun worship ritual complete kit,https://images.unsplash.com/photo-1609357605129-26f69add5d6e?w=800&auto=format&fit=crop&q=80,1481,ACTIVE,false
Diwali Pooja Complete Kit Royal,RAM-FS-041,Festival Special,3899,4759,51,"Complete Diwali celebration kit with Lakshmi-Ganesh murti, diyas, rangoli stencils, samagri, and decorations.",All-in-one Deepavali celebration kit,https://images.unsplash.com/photo-1604607053070-6ede2b4c6747?w=800&auto=format&fit=crop&q=80,963,ACTIVE,false
Navratri Garba Decoration Set Sacred,RAM-FS-042,Festival Special,1129,1499,16,"Complete Navratri decoration set with garbi, toran, artificial flowers, LED lights, and Durga backdrop.",Festival decor for nine nights,https://images.unsplash.com/photo-1605649461121-e82138c51b7e?w=800&auto=format&fit=crop&q=80,1050,ACTIVE,false
Janmashtami Krishna Jhula Swing Royal,RAM-FS-043,Festival Special,1859,2329,38,Beautifully decorated miniature swing (jhula) for Laddu Gopal during Janmashtami celebrations.,Decorated swing for baby Krishna,https://images.unsplash.com/photo-1609357605129-26f69add5d6e?w=800&auto=format&fit=crop&q=80,214,ACTIVE,false
Shivratri Special Bel Patra Set Heritage,RAM-FS-044,Festival Special,339,429,84,"Fresh and dried bel patra (bilva leaves) set with dhatura, bhasam, and other Shiv Ratri puja essentials.",Sacred bel leaves and offerings,https://images.unsplash.com/photo-1604607053070-6ede2b4c6747?w=800&auto=format&fit=crop&q=80,94,ACTIVE,false
Ganesh Chaturthi Decoration Kit Artisan,RAM-FS-045,Festival Special,2859,3719,11,"Full Ganesh Chaturthi kit with eco-friendly clay idol, modak mould, decoration items, and puja samagri.",Complete Ganesh festival kit,https://images.unsplash.com/photo-1605649461121-e82138c51b7e?w=800&auto=format&fit=crop&q=80,1750,ACTIVE,false
Holi Festival Colour Set Temple Grade,RAM-FS-046,Festival Special,799,979,40,"Set of organic natural Holi colours made from flowers and herbs. Skin-safe, eco-friendly, and vibrant.",Organic natural Holi colours,https://images.unsplash.com/photo-1609357605129-26f69add5d6e?w=800&auto=format&fit=crop&q=80,895,ACTIVE,false
Karwa Chauth Pooja Thali Set Classic,RAM-FS-047,Festival Special,1639,2219,39,"Beautiful decorated karwa chauth thali with karwa pot, chalni sieve, bangles, and all puja essentials.",Complete fasting festival kit,https://images.unsplash.com/photo-1604607053070-6ede2b4c6747?w=800&auto=format&fit=crop&q=80,785,ACTIVE,false
Makar Sankranti Kite Festival Kit Deluxe,RAM-FS-048,Festival Special,639,839,64,"Festive Makar Sankranti kit with colourful kites, manja, til gur sweets preparation mix, and decorations.",Traditional kite flying celebration set,https://images.unsplash.com/photo-1605649461121-e82138c51b7e?w=800&auto=format&fit=crop&q=80,443,ACTIVE,false
Ram Navami Celebration Kit Premium,RAM-FS-049,Festival Special,859,1009,25,"Complete Ram Navami kit with miniature bow-arrow set, tulsi mala, Ram sticker, and havan samagri.",Lord Ram birthday celebration items,https://images.unsplash.com/photo-1609357605129-26f69add5d6e?w=800&auto=format&fit=crop&q=80,484,ACTIVE,false
Chhath Pooja Samagri Kit Handcrafted,RAM-FS-050,Festival Special,1229,1549,11,"Complete Chhath Puja kit with soop, thekua mould, fruits, and all offerings for Surya Deva worship.",Sun worship ritual complete kit,https://images.unsplash.com/photo-1604607053070-6ede2b4c6747?w=800&auto=format&fit=crop&q=80,669,ACTIVE,false
Daily Pooja Essentials Kit Sacred,RAM-PK-001,Pooja Kits,459,569,143,"All-in-one daily pooja kit containing agarbatti, diya, camphor, kumkum, akshat, and cotton wicks.",Complete daily worship starter kit,https://images.unsplash.com/photo-1609357605129-26f69add5d6e?w=800&auto=format&fit=crop&q=80,669,ACTIVE,true
Griha Pravesh Pooja Kit Temple Grade,RAM-PK-002,Pooja Kits,2389,3059,10,"Comprehensive griha pravesh housewarming puja kit with 51 samagri items, havan kund, and instruction guide.",House-warming ceremony complete set,https://images.unsplash.com/photo-1608571423902-eed4a5ad8108?w=800&auto=format&fit=crop&q=80,856,ACTIVE,true
Satyanarayan Pooja Kit Classic,RAM-PK-003,Pooja Kits,599,659,55,"Full Satyanarayan vrat puja kit with all required samagri, katha book, prasad ingredients, and decoration items.",Complete vrat puja supplies,https://images.unsplash.com/photo-1590249350651-28a2c5aa0de3?w=800&auto=format&fit=crop&q=80,346,ACTIVE,true
Havan Samagri Kit with Kund Premium,RAM-PK-004,Pooja Kits,3409,3959,28,"Complete havan kit with copper kund, 51 herbs samagri, ghee, samidha wood sticks, and Vedic mantra book.",Complete fire ritual kit,https://images.unsplash.com/photo-1609357605129-26f69add5d6e?w=800&auto=format&fit=crop&q=80,1656,ACTIVE,false
Vastu Shanti Pooja Kit Premium,RAM-PK-005,Pooja Kits,689,759,23,"Complete Vastu Shanti puja kit with yantras, 9 types of grains, havan samagri, and directional items.",Vastu correction ceremony kit,https://images.unsplash.com/photo-1608571423902-eed4a5ad8108?w=800&auto=format&fit=crop&q=80,913,ACTIVE,false
Marriage Ceremony Pooja Kit Deluxe,RAM-PK-006,Pooja Kits,1589,2119,20,Comprehensive vivah (marriage) puja kit with all required samagri for Hindu wedding ceremonies.,Wedding ritual complete supplies,https://images.unsplash.com/photo-1590249350651-28a2c5aa0de3?w=800&auto=format&fit=crop&q=80,2054,ACTIVE,false
Navagraha Shanti Pooja Kit Royal,RAM-PK-007,Pooja Kits,1189,1379,15,"Complete Navagraha shanti kit with 9 coloured cloths, specific grains, yantras, and havan ingredients.",Nine-planet peace ceremony kit,https://images.unsplash.com/photo-1609357605129-26f69add5d6e?w=800&auto=format&fit=crop&q=80,300,ACTIVE,false
Rudra Abhishek Pooja Kit Royal,RAM-PK-008,Pooja Kits,1539,1699,28,"Complete Rudra Abhishek kit with panchamrit ingredients, bel patra, dhatura, bhasam, and mantra guide.",Shiva linga bathing ceremony kit,https://images.unsplash.com/photo-1608571423902-eed4a5ad8108?w=800&auto=format&fit=crop&q=80,404,ACTIVE,false
Baby Naming Ceremony (Naamkaran) Kit Heritage,RAM-PK-009,Pooja Kits,309,409,38,"Traditional naamkaran ceremony kit with golden pen, honey, ghee, small kalash, and all samagri items.",Newborn naming ritual supplies,https://images.unsplash.com/photo-1590249350651-28a2c5aa0de3?w=800&auto=format&fit=crop&q=80,484,ACTIVE,false
Daily Pooja Essentials Kit Artisan,RAM-PK-010,Pooja Kits,779,979,150,"All-in-one daily pooja kit containing agarbatti, diya, camphor, kumkum, akshat, and cotton wicks.",Complete daily worship starter kit,https://images.unsplash.com/photo-1609357605129-26f69add5d6e?w=800&auto=format&fit=crop&q=80,633,ACTIVE,false
Griha Pravesh Pooja Kit Handcrafted,RAM-PK-011,Pooja Kits,2589,3289,48,"Comprehensive griha pravesh housewarming puja kit with 51 samagri items, havan kund, and instruction guide.",House-warming ceremony complete set,https://images.unsplash.com/photo-1608571423902-eed4a5ad8108?w=800&auto=format&fit=crop&q=80,1096,ACTIVE,false
Satyanarayan Pooja Kit Premium,RAM-PK-012,Pooja Kits,739,979,65,"Full Satyanarayan vrat puja kit with all required samagri, katha book, prasad ingredients, and decoration items.",Complete vrat puja supplies,https://images.unsplash.com/photo-1590249350651-28a2c5aa0de3?w=800&auto=format&fit=crop&q=80,783,ACTIVE,false
Havan Samagri Kit with Kund Deluxe,RAM-PK-013,Pooja Kits,2089,2759,40,"Complete havan kit with copper kund, 51 herbs samagri, ghee, samidha wood sticks, and Vedic mantra book.",Complete fire ritual kit,https://images.unsplash.com/photo-1609357605129-26f69add5d6e?w=800&auto=format&fit=crop&q=80,1116,ACTIVE,false
Vastu Shanti Pooja Kit Artisan,RAM-PK-014,Pooja Kits,1949,2619,40,"Complete Vastu Shanti puja kit with yantras, 9 types of grains, havan samagri, and directional items.",Vastu correction ceremony kit,https://images.unsplash.com/photo-1608571423902-eed4a5ad8108?w=800&auto=format&fit=crop&q=80,1093,ACTIVE,false
Marriage Ceremony Pooja Kit Heritage,RAM-PK-015,Pooja Kits,4179,4729,15,Comprehensive vivah (marriage) puja kit with all required samagri for Hindu wedding ceremonies.,Wedding ritual complete supplies,https://images.unsplash.com/photo-1590249350651-28a2c5aa0de3?w=800&auto=format&fit=crop&q=80,3969,ACTIVE,false
Navagraha Shanti Pooja Kit Temple Grade,RAM-PK-016,Pooja Kits,669,749,45,"Complete Navagraha shanti kit with 9 coloured cloths, specific grains, yantras, and havan ingredients.",Nine-planet peace ceremony kit,https://images.unsplash.com/photo-1609357605129-26f69add5d6e?w=800&auto=format&fit=crop&q=80,1418,ACTIVE,false
Rudra Abhishek Pooja Kit Classic,RAM-PK-017,Pooja Kits,309,349,31,"Complete Rudra Abhishek kit with panchamrit ingredients, bel patra, dhatura, bhasam, and mantra guide.",Shiva linga bathing ceremony kit,https://images.unsplash.com/photo-1608571423902-eed4a5ad8108?w=800&auto=format&fit=crop&q=80,671,ACTIVE,false
Baby Naming Ceremony (Naamkaran) Kit Handcrafted,RAM-PK-018,Pooja Kits,529,719,22,"Traditional naamkaran ceremony kit with golden pen, honey, ghee, small kalash, and all samagri items.",Newborn naming ritual supplies,https://images.unsplash.com/photo-1590249350651-28a2c5aa0de3?w=800&auto=format&fit=crop&q=80,666,ACTIVE,false
Daily Pooja Essentials Kit Premium,RAM-PK-019,Pooja Kits,939,1079,106,"All-in-one daily pooja kit containing agarbatti, diya, camphor, kumkum, akshat, and cotton wicks.",Complete daily worship starter kit,https://images.unsplash.com/photo-1609357605129-26f69add5d6e?w=800&auto=format&fit=crop&q=80,574,ACTIVE,false
Griha Pravesh Pooja Kit Heritage,RAM-PK-020,Pooja Kits,1669,2019,20,"Comprehensive griha pravesh housewarming puja kit with 51 samagri items, havan kund, and instruction guide.",House-warming ceremony complete set,https://images.unsplash.com/photo-1608571423902-eed4a5ad8108?w=800&auto=format&fit=crop&q=80,1597,ACTIVE,false
Satyanarayan Pooja Kit Heritage,RAM-PK-021,Pooja Kits,1389,1699,47,"Full Satyanarayan vrat puja kit with all required samagri, katha book, prasad ingredients, and decoration items.",Complete vrat puja supplies,https://images.unsplash.com/photo-1590249350651-28a2c5aa0de3?w=800&auto=format&fit=crop&q=80,759,ACTIVE,false
Havan Samagri Kit with Kund Royal,RAM-PK-022,Pooja Kits,1639,2049,11,"Complete havan kit with copper kund, 51 herbs samagri, ghee, samidha wood sticks, and Vedic mantra book.",Complete fire ritual kit,https://images.unsplash.com/photo-1609357605129-26f69add5d6e?w=800&auto=format&fit=crop&q=80,728,ACTIVE,false
Vastu Shanti Pooja Kit Sacred,RAM-PK-023,Pooja Kits,1299,1579,43,"Complete Vastu Shanti puja kit with yantras, 9 types of grains, havan samagri, and directional items.",Vastu correction ceremony kit,https://images.unsplash.com/photo-1608571423902-eed4a5ad8108?w=800&auto=format&fit=crop&q=80,952,ACTIVE,false
Marriage Ceremony Pooja Kit Classic,RAM-PK-024,Pooja Kits,3189,3899,23,Comprehensive vivah (marriage) puja kit with all required samagri for Hindu wedding ceremonies.,Wedding ritual complete supplies,https://images.unsplash.com/photo-1590249350651-28a2c5aa0de3?w=800&auto=format&fit=crop&q=80,3449,ACTIVE,false
Navagraha Shanti Pooja Kit Handcrafted,RAM-PK-025,Pooja Kits,1059,1349,44,"Complete Navagraha shanti kit with 9 coloured cloths, specific grains, yantras, and havan ingredients.",Nine-planet peace ceremony kit,https://images.unsplash.com/photo-1609357605129-26f69add5d6e?w=800&auto=format&fit=crop&q=80,321,ACTIVE,false
Rudra Abhishek Pooja Kit Sacred,RAM-PK-026,Pooja Kits,429,479,35,"Complete Rudra Abhishek kit with panchamrit ingredients, bel patra, dhatura, bhasam, and mantra guide.",Shiva linga bathing ceremony kit,https://images.unsplash.com/photo-1608571423902-eed4a5ad8108?w=800&auto=format&fit=crop&q=80,240,ACTIVE,false
Baby Naming Ceremony (Naamkaran) Kit Temple Grade,RAM-PK-027,Pooja Kits,1049,1269,15,"Traditional naamkaran ceremony kit with golden pen, honey, ghee, small kalash, and all samagri items.",Newborn naming ritual supplies,https://images.unsplash.com/photo-1590249350651-28a2c5aa0de3?w=800&auto=format&fit=crop&q=80,696,ACTIVE,false
Daily Pooja Essentials Kit Heritage,RAM-PK-028,Pooja Kits,389,529,109,"All-in-one daily pooja kit containing agarbatti, diya, camphor, kumkum, akshat, and cotton wicks.",Complete daily worship starter kit,https://images.unsplash.com/photo-1609357605129-26f69add5d6e?w=800&auto=format&fit=crop&q=80,761,ACTIVE,false
Griha Pravesh Pooja Kit Royal,RAM-PK-029,Pooja Kits,2159,2419,49,"Comprehensive griha pravesh housewarming puja kit with 51 samagri items, havan kund, and instruction guide.",House-warming ceremony complete set,https://images.unsplash.com/photo-1608571423902-eed4a5ad8108?w=800&auto=format&fit=crop&q=80,738,ACTIVE,false
Satyanarayan Pooja Kit Handcrafted,RAM-PK-030,Pooja Kits,989,1259,66,"Full Satyanarayan vrat puja kit with all required samagri, katha book, prasad ingredients, and decoration items.",Complete vrat puja supplies,https://images.unsplash.com/photo-1590249350651-28a2c5aa0de3?w=800&auto=format&fit=crop&q=80,811,ACTIVE,false
Havan Samagri Kit with Kund Heritage,RAM-PK-031,Pooja Kits,1109,1419,39,"Complete havan kit with copper kund, 51 herbs samagri, ghee, samidha wood sticks, and Vedic mantra book.",Complete fire ritual kit,https://images.unsplash.com/photo-1609357605129-26f69add5d6e?w=800&auto=format&fit=crop&q=80,2786,ACTIVE,false
Vastu Shanti Pooja Kit Heritage,RAM-PK-032,Pooja Kits,1399,1799,36,"Complete Vastu Shanti puja kit with yantras, 9 types of grains, havan samagri, and directional items.",Vastu correction ceremony kit,https://images.unsplash.com/photo-1608571423902-eed4a5ad8108?w=800&auto=format&fit=crop&q=80,712,ACTIVE,false
Marriage Ceremony Pooja Kit Temple Grade,RAM-PK-033,Pooja Kits,1449,1819,9,Comprehensive vivah (marriage) puja kit with all required samagri for Hindu wedding ceremonies.,Wedding ritual complete supplies,https://images.unsplash.com/photo-1590249350651-28a2c5aa0de3?w=800&auto=format&fit=crop&q=80,1134,ACTIVE,false
Navagraha Shanti Pooja Kit Traditional,RAM-PK-034,Pooja Kits,2289,2549,19,"Complete Navagraha shanti kit with 9 coloured cloths, specific grains, yantras, and havan ingredients.",Nine-planet peace ceremony kit,https://images.unsplash.com/photo-1609357605129-26f69add5d6e?w=800&auto=format&fit=crop&q=80,1056,ACTIVE,false
Rudra Abhishek Pooja Kit Heritage,RAM-PK-035,Pooja Kits,1979,2419,55,"Complete Rudra Abhishek kit with panchamrit ingredients, bel patra, dhatura, bhasam, and mantra guide.",Shiva linga bathing ceremony kit,https://images.unsplash.com/photo-1608571423902-eed4a5ad8108?w=800&auto=format&fit=crop&q=80,892,ACTIVE,false
Baby Naming Ceremony (Naamkaran) Kit Traditional,RAM-PK-036,Pooja Kits,1419,1719,24,"Traditional naamkaran ceremony kit with golden pen, honey, ghee, small kalash, and all samagri items.",Newborn naming ritual supplies,https://images.unsplash.com/photo-1590249350651-28a2c5aa0de3?w=800&auto=format&fit=crop&q=80,216,ACTIVE,false
Daily Pooja Essentials Kit Royal,RAM-PK-037,Pooja Kits,979,1299,135,"All-in-one daily pooja kit containing agarbatti, diya, camphor, kumkum, akshat, and cotton wicks.",Complete daily worship starter kit,https://images.unsplash.com/photo-1609357605129-26f69add5d6e?w=800&auto=format&fit=crop&q=80,692,ACTIVE,false
Griha Pravesh Pooja Kit Deluxe,RAM-PK-038,Pooja Kits,1729,2269,20,"Comprehensive griha pravesh housewarming puja kit with 51 samagri items, havan kund, and instruction guide.",House-warming ceremony complete set,https://images.unsplash.com/photo-1608571423902-eed4a5ad8108?w=800&auto=format&fit=crop&q=80,1700,ACTIVE,false
Satyanarayan Pooja Kit Temple Grade,RAM-PK-039,Pooja Kits,1329,1669,30,"Full Satyanarayan vrat puja kit with all required samagri, katha book, prasad ingredients, and decoration items.",Complete vrat puja supplies,https://images.unsplash.com/photo-1590249350651-28a2c5aa0de3?w=800&auto=format&fit=crop&q=80,1055,ACTIVE,false
Havan Samagri Kit with Kund Traditional,RAM-PK-040,Pooja Kits,3719,4359,10,"Complete havan kit with copper kund, 51 herbs samagri, ghee, samidha wood sticks, and Vedic mantra book.",Complete fire ritual kit,https://images.unsplash.com/photo-1609357605129-26f69add5d6e?w=800&auto=format&fit=crop&q=80,716,ACTIVE,false
Vastu Shanti Pooja Kit Temple Grade,RAM-PK-041,Pooja Kits,469,629,21,"Complete Vastu Shanti puja kit with yantras, 9 types of grains, havan samagri, and directional items.",Vastu correction ceremony kit,https://images.unsplash.com/photo-1608571423902-eed4a5ad8108?w=800&auto=format&fit=crop&q=80,1462,ACTIVE,false
Marriage Ceremony Pooja Kit Sacred,RAM-PK-042,Pooja Kits,2629,2979,10,Comprehensive vivah (marriage) puja kit with all required samagri for Hindu wedding ceremonies.,Wedding ritual complete supplies,https://images.unsplash.com/photo-1590249350651-28a2c5aa0de3?w=800&auto=format&fit=crop&q=80,3730,ACTIVE,false
Navagraha Shanti Pooja Kit Premium,RAM-PK-043,Pooja Kits,2359,3189,20,"Complete Navagraha shanti kit with 9 coloured cloths, specific grains, yantras, and havan ingredients.",Nine-planet peace ceremony kit,https://images.unsplash.com/photo-1609357605129-26f69add5d6e?w=800&auto=format&fit=crop&q=80,562,ACTIVE,false
Rudra Abhishek Pooja Kit Premium,RAM-PK-044,Pooja Kits,1099,1239,57,"Complete Rudra Abhishek kit with panchamrit ingredients, bel patra, dhatura, bhasam, and mantra guide.",Shiva linga bathing ceremony kit,https://images.unsplash.com/photo-1608571423902-eed4a5ad8108?w=800&auto=format&fit=crop&q=80,564,ACTIVE,false
Baby Naming Ceremony (Naamkaran) Kit Deluxe,RAM-PK-045,Pooja Kits,549,709,23,"Traditional naamkaran ceremony kit with golden pen, honey, ghee, small kalash, and all samagri items.",Newborn naming ritual supplies,https://images.unsplash.com/photo-1590249350651-28a2c5aa0de3?w=800&auto=format&fit=crop&q=80,311,ACTIVE,false
Premium Dry Fruit Prasad Box Heritage,RAM-BP-001,Bhog & Prasad,559,739,94,"Premium assortment of almonds, cashews, raisins, and mishri in decorative box for temple prasad distribution.",Sacred dry fruit offering assortment,https://images.unsplash.com/photo-1608571423902-eed4a5ad8108?w=800&auto=format&fit=crop&q=80,210,ACTIVE,true
Pure Mishri (Rock Sugar) Crystals Compact,RAM-BP-002,Bhog & Prasad,159,209,156,Premium quality natural mishri (rock sugar) crystals for deity bhog offering and distribution as prasad.,Natural rock sugar for prasad,https://images.unsplash.com/photo-1590249350651-28a2c5aa0de3?w=800&auto=format&fit=crop&q=80,271,ACTIVE,true
Panchamrit Preparation Set Classic,RAM-BP-003,Bhog & Prasad,519,629,72,"Complete panchamrit set with A2 cow milk, dahi, honey, ghee, and sugar for preparing sacred panchamrit.",Five-nectar offering ingredients,https://images.unsplash.com/photo-1604607053070-6ede2b4c6747?w=800&auto=format&fit=crop&q=80,697,ACTIVE,true
Sacred Tulsi Patra Collection Premium,RAM-BP-004,Bhog & Prasad,109,129,163,Fresh dried organic tulsi leaves specially picked during Brahma Muhurta for Vishnu puja and bhog.,Holy basil leaves for offerings,https://images.unsplash.com/photo-1608571423902-eed4a5ad8108?w=800&auto=format&fit=crop&q=80,23,ACTIVE,false
Bhog Cooking Brass Vessel Set Deluxe,RAM-BP-005,Bhog & Prasad,489,589,44,"Small brass vessel set exclusively for preparing deity bhog. Includes patila, kadhai, and serving katori.",Dedicated brass cooking vessels for deity,https://images.unsplash.com/photo-1590249350651-28a2c5aa0de3?w=800&auto=format&fit=crop&q=80,717,ACTIVE,false
Peda Prasad (Homemade Style) Compact,RAM-BP-006,Bhog & Prasad,209,269,42,Pure ghee peda made from thickened milk in traditional style. Perfect for deity bhog and prasad distribution.,Traditional milk sweet for offering,https://images.unsplash.com/photo-1604607053070-6ede2b4c6747?w=800&auto=format&fit=crop&q=80,124,ACTIVE,false
Sacred Banana Leaf Plates Artisan Count,RAM-BP-007,Bhog & Prasad,109,119,124,Eco-friendly natural banana leaf plates for serving prasad during temple events and special puja occasions.,Natural leaf plates for prasad serving,https://images.unsplash.com/photo-1608571423902-eed4a5ad8108?w=800&auto=format&fit=crop&q=80,346,ACTIVE,false
Charnamrit Copper Cup Traditional,RAM-BP-008,Bhog & Prasad,119,139,69,Small pure copper cup specifically for serving charnamrit (sacred water from deity feet washing).,Sacred water offering vessel,https://images.unsplash.com/photo-1590249350651-28a2c5aa0de3?w=800&auto=format&fit=crop&q=80,39,ACTIVE,false
Laddu Prasad Box (Boondi) Deluxe,RAM-BP-009,Bhog & Prasad,379,459,92,Pure ghee boondi laddus prepared in temple-style recipe for deity bhog offering and distribution.,Traditional laddu for deity offering,https://images.unsplash.com/photo-1604607053070-6ede2b4c6747?w=800&auto=format&fit=crop&q=80,273,ACTIVE,false
Premium Dry Fruit Prasad Box Classic,RAM-BP-010,Bhog & Prasad,759,839,64,"Premium assortment of almonds, cashews, raisins, and mishri in decorative box for temple prasad distribution.",Sacred dry fruit offering assortment,https://images.unsplash.com/photo-1608571423902-eed4a5ad8108?w=800&auto=format&fit=crop&q=80,246,ACTIVE,false
Pure Mishri (Rock Sugar) Crystals Extra Large,RAM-BP-011,Bhog & Prasad,119,169,248,Premium quality natural mishri (rock sugar) crystals for deity bhog offering and distribution as prasad.,Natural rock sugar for prasad,https://images.unsplash.com/photo-1590249350651-28a2c5aa0de3?w=800&auto=format&fit=crop&q=80,188,ACTIVE,false
Panchamrit Preparation Set Royal,RAM-BP-012,Bhog & Prasad,349,439,40,"Complete panchamrit set with A2 cow milk, dahi, honey, ghee, and sugar for preparing sacred panchamrit.",Five-nectar offering ingredients,https://images.unsplash.com/photo-1604607053070-6ede2b4c6747?w=800&auto=format&fit=crop&q=80,724,ACTIVE,false
Sacred Tulsi Patra Collection Heritage,RAM-BP-013,Bhog & Prasad,59,79,73,Fresh dried organic tulsi leaves specially picked during Brahma Muhurta for Vishnu puja and bhog.,Holy basil leaves for offerings,https://images.unsplash.com/photo-1608571423902-eed4a5ad8108?w=800&auto=format&fit=crop&q=80,63,ACTIVE,false
Bhog Cooking Brass Vessel Set Royal,RAM-BP-014,Bhog & Prasad,1479,1709,31,"Small brass vessel set exclusively for preparing deity bhog. Includes patila, kadhai, and serving katori.",Dedicated brass cooking vessels for deity,https://images.unsplash.com/photo-1590249350651-28a2c5aa0de3?w=800&auto=format&fit=crop&q=80,685,ACTIVE,false
Peda Prasad (Homemade Style) Extra Large,RAM-BP-015,Bhog & Prasad,369,479,45,Pure ghee peda made from thickened milk in traditional style. Perfect for deity bhog and prasad distribution.,Traditional milk sweet for offering,https://images.unsplash.com/photo-1604607053070-6ede2b4c6747?w=800&auto=format&fit=crop&q=80,337,ACTIVE,false
Sacred Banana Leaf Plates Royal Count,RAM-BP-016,Bhog & Prasad,149,189,155,Eco-friendly natural banana leaf plates for serving prasad during temple events and special puja occasions.,Natural leaf plates for prasad serving,https://images.unsplash.com/photo-1608571423902-eed4a5ad8108?w=800&auto=format&fit=crop&q=80,458,ACTIVE,false
Charnamrit Copper Cup Artisan,RAM-BP-017,Bhog & Prasad,189,249,79,Small pure copper cup specifically for serving charnamrit (sacred water from deity feet washing).,Sacred water offering vessel,https://images.unsplash.com/photo-1590249350651-28a2c5aa0de3?w=800&auto=format&fit=crop&q=80,33,ACTIVE,false
Laddu Prasad Box (Boondi) Traditional,RAM-BP-018,Bhog & Prasad,219,249,28,Pure ghee boondi laddus prepared in temple-style recipe for deity bhog offering and distribution.,Traditional laddu for deity offering,https://images.unsplash.com/photo-1604607053070-6ede2b4c6747?w=800&auto=format&fit=crop&q=80,170,ACTIVE,false
Premium Dry Fruit Prasad Box Deluxe,RAM-BP-019,Bhog & Prasad,279,369,91,"Premium assortment of almonds, cashews, raisins, and mishri in decorative box for temple prasad distribution.",Sacred dry fruit offering assortment,https://images.unsplash.com/photo-1608571423902-eed4a5ad8108?w=800&auto=format&fit=crop&q=80,409,ACTIVE,false
Pure Mishri (Rock Sugar) Crystals Large,RAM-BP-020,Bhog & Prasad,249,339,61,Premium quality natural mishri (rock sugar) crystals for deity bhog offering and distribution as prasad.,Natural rock sugar for prasad,https://images.unsplash.com/photo-1590249350651-28a2c5aa0de3?w=800&auto=format&fit=crop&q=80,388,ACTIVE,false
Panchamrit Preparation Set Premium,RAM-BP-021,Bhog & Prasad,339,389,64,"Complete panchamrit set with A2 cow milk, dahi, honey, ghee, and sugar for preparing sacred panchamrit.",Five-nectar offering ingredients,https://images.unsplash.com/photo-1604607053070-6ede2b4c6747?w=800&auto=format&fit=crop&q=80,434,ACTIVE,false
Sacred Tulsi Patra Collection Artisan,RAM-BP-022,Bhog & Prasad,79,109,65,Fresh dried organic tulsi leaves specially picked during Brahma Muhurta for Vishnu puja and bhog.,Holy basil leaves for offerings,https://images.unsplash.com/photo-1608571423902-eed4a5ad8108?w=800&auto=format&fit=crop&q=80,97,ACTIVE,false
Bhog Cooking Brass Vessel Set Sacred,RAM-BP-023,Bhog & Prasad,919,1139,20,"Small brass vessel set exclusively for preparing deity bhog. Includes patila, kadhai, and serving katori.",Dedicated brass cooking vessels for deity,https://images.unsplash.com/photo-1590249350651-28a2c5aa0de3?w=800&auto=format&fit=crop&q=80,730,ACTIVE,false
Peda Prasad (Homemade Style) Jumbo,RAM-BP-024,Bhog & Prasad,599,779,90,Pure ghee peda made from thickened milk in traditional style. Perfect for deity bhog and prasad distribution.,Traditional milk sweet for offering,https://images.unsplash.com/photo-1604607053070-6ede2b4c6747?w=800&auto=format&fit=crop&q=80,218,ACTIVE,false
Sacred Banana Leaf Plates Traditional Count,RAM-BP-025,Bhog & Prasad,69,89,112,Eco-friendly natural banana leaf plates for serving prasad during temple events and special puja occasions.,Natural leaf plates for prasad serving,https://images.unsplash.com/photo-1608571423902-eed4a5ad8108?w=800&auto=format&fit=crop&q=80,169,ACTIVE,false
Charnamrit Copper Cup Sacred,RAM-BP-026,Bhog & Prasad,89,119,34,Small pure copper cup specifically for serving charnamrit (sacred water from deity feet washing).,Sacred water offering vessel,https://images.unsplash.com/photo-1590249350651-28a2c5aa0de3?w=800&auto=format&fit=crop&q=80,72,ACTIVE,false
Laddu Prasad Box (Boondi) Sacred,RAM-BP-027,Bhog & Prasad,359,459,92,Pure ghee boondi laddus prepared in temple-style recipe for deity bhog offering and distribution.,Traditional laddu for deity offering,https://images.unsplash.com/photo-1604607053070-6ede2b4c6747?w=800&auto=format&fit=crop&q=80,478,ACTIVE,false
Premium Dry Fruit Prasad Box Royal,RAM-BP-028,Bhog & Prasad,609,769,48,"Premium assortment of almonds, cashews, raisins, and mishri in decorative box for temple prasad distribution.",Sacred dry fruit offering assortment,https://images.unsplash.com/photo-1608571423902-eed4a5ad8108?w=800&auto=format&fit=crop&q=80,106,ACTIVE,false
Pure Mishri (Rock Sugar) Crystals Medium,RAM-BP-029,Bhog & Prasad,239,269,176,Premium quality natural mishri (rock sugar) crystals for deity bhog offering and distribution as prasad.,Natural rock sugar for prasad,https://images.unsplash.com/photo-1590249350651-28a2c5aa0de3?w=800&auto=format&fit=crop&q=80,498,ACTIVE,false
Panchamrit Preparation Set Traditional,RAM-BP-030,Bhog & Prasad,329,409,69,"Complete panchamrit set with A2 cow milk, dahi, honey, ghee, and sugar for preparing sacred panchamrit.",Five-nectar offering ingredients,https://images.unsplash.com/photo-1604607053070-6ede2b4c6747?w=800&auto=format&fit=crop&q=80,698,ACTIVE,false
Sacred Tulsi Patra Collection Royal,RAM-BP-031,Bhog & Prasad,189,249,60,Fresh dried organic tulsi leaves specially picked during Brahma Muhurta for Vishnu puja and bhog.,Holy basil leaves for offerings,https://images.unsplash.com/photo-1608571423902-eed4a5ad8108?w=800&auto=format&fit=crop&q=80,37,ACTIVE,false
Bhog Cooking Brass Vessel Set Artisan,RAM-BP-032,Bhog & Prasad,589,779,28,"Small brass vessel set exclusively for preparing deity bhog. Includes patila, kadhai, and serving katori.",Dedicated brass cooking vessels for deity,https://images.unsplash.com/photo-1590249350651-28a2c5aa0de3?w=800&auto=format&fit=crop&q=80,655,ACTIVE,false
Peda Prasad (Homemade Style) Medium,RAM-BP-033,Bhog & Prasad,429,549,81,Pure ghee peda made from thickened milk in traditional style. Perfect for deity bhog and prasad distribution.,Traditional milk sweet for offering,https://images.unsplash.com/photo-1604607053070-6ede2b4c6747?w=800&auto=format&fit=crop&q=80,141,ACTIVE,false
Sacred Banana Leaf Plates Classic Count,RAM-BP-034,Bhog & Prasad,159,189,93,Eco-friendly natural banana leaf plates for serving prasad during temple events and special puja occasions.,Natural leaf plates for prasad serving,https://images.unsplash.com/photo-1608571423902-eed4a5ad8108?w=800&auto=format&fit=crop&q=80,146,ACTIVE,false
Charnamrit Copper Cup Royal,RAM-BP-035,Bhog & Prasad,149,199,113,Small pure copper cup specifically for serving charnamrit (sacred water from deity feet washing).,Sacred water offering vessel,https://images.unsplash.com/photo-1590249350651-28a2c5aa0de3?w=800&auto=format&fit=crop&q=80,69,ACTIVE,false
Laddu Prasad Box (Boondi) Premium,RAM-BP-036,Bhog & Prasad,449,559,21,Pure ghee boondi laddus prepared in temple-style recipe for deity bhog offering and distribution.,Traditional laddu for deity offering,https://images.unsplash.com/photo-1604607053070-6ede2b4c6747?w=800&auto=format&fit=crop&q=80,321,ACTIVE,false
Premium Dry Fruit Prasad Box Temple Grade,RAM-BP-037,Bhog & Prasad,1299,1649,38,"Premium assortment of almonds, cashews, raisins, and mishri in decorative box for temple prasad distribution.",Sacred dry fruit offering assortment,https://images.unsplash.com/photo-1608571423902-eed4a5ad8108?w=800&auto=format&fit=crop&q=80,384,ACTIVE,false
Pure Mishri (Rock Sugar) Crystals Standard,RAM-BP-038,Bhog & Prasad,59,79,198,Premium quality natural mishri (rock sugar) crystals for deity bhog offering and distribution as prasad.,Natural rock sugar for prasad,https://images.unsplash.com/photo-1590249350651-28a2c5aa0de3?w=800&auto=format&fit=crop&q=80,319,ACTIVE,false
Panchamrit Preparation Set Handcrafted,RAM-BP-039,Bhog & Prasad,159,209,74,"Complete panchamrit set with A2 cow milk, dahi, honey, ghee, and sugar for preparing sacred panchamrit.",Five-nectar offering ingredients,https://images.unsplash.com/photo-1604607053070-6ede2b4c6747?w=800&auto=format&fit=crop&q=80,426,ACTIVE,false
Sacred Tulsi Patra Collection Deluxe,RAM-BP-040,Bhog & Prasad,159,209,124,Fresh dried organic tulsi leaves specially picked during Brahma Muhurta for Vishnu puja and bhog.,Holy basil leaves for offerings,https://images.unsplash.com/photo-1608571423902-eed4a5ad8108?w=800&auto=format&fit=crop&q=80,61,ACTIVE,false
Bhog Cooking Brass Vessel Set Temple Grade,RAM-BP-041,Bhog & Prasad,1319,1539,22,"Small brass vessel set exclusively for preparing deity bhog. Includes patila, kadhai, and serving katori.",Dedicated brass cooking vessels for deity,https://images.unsplash.com/photo-1590249350651-28a2c5aa0de3?w=800&auto=format&fit=crop&q=80,892,ACTIVE,false
Peda Prasad (Homemade Style) Premium,RAM-BP-042,Bhog & Prasad,139,169,30,Pure ghee peda made from thickened milk in traditional style. Perfect for deity bhog and prasad distribution.,Traditional milk sweet for offering,https://images.unsplash.com/photo-1604607053070-6ede2b4c6747?w=800&auto=format&fit=crop&q=80,206,ACTIVE,false
Sacred Banana Leaf Plates Deluxe Count,RAM-BP-043,Bhog & Prasad,139,189,137,Eco-friendly natural banana leaf plates for serving prasad during temple events and special puja occasions.,Natural leaf plates for prasad serving,https://images.unsplash.com/photo-1608571423902-eed4a5ad8108?w=800&auto=format&fit=crop&q=80,123,ACTIVE,false
Charnamrit Copper Cup Heritage,RAM-BP-044,Bhog & Prasad,89,129,135,Small pure copper cup specifically for serving charnamrit (sacred water from deity feet washing).,Sacred water offering vessel,https://images.unsplash.com/photo-1590249350651-28a2c5aa0de3?w=800&auto=format&fit=crop&q=80,74,ACTIVE,false
Laddu Prasad Box (Boondi) Classic,RAM-BP-045,Bhog & Prasad,219,259,27,Pure ghee boondi laddus prepared in temple-style recipe for deity bhog offering and distribution.,Traditional laddu for deity offering,https://images.unsplash.com/photo-1604607053070-6ede2b4c6747?w=800&auto=format&fit=crop&q=80,463,ACTIVE,false
Pure Cotton Dhoti Heritage,RAM-CR-001,Clothing & Religious Wear,939,1059,40,"Premium quality handloom pure cotton dhoti for temple visits, puja ceremonies, and religious occasions.",Traditional white cotton dhoti,https://images.unsplash.com/photo-1617627143750-d86bc21e42bb?w=800&auto=format&fit=crop&q=80,204,ACTIVE,true
Silk Angavastram (Uttariya) Handcrafted,RAM-CR-002,Clothing & Religious Wear,2229,2549,29,"Fine Kanchipuram silk angavastram with zari border for priests, devotees, and ceremonial occasions.",Pure silk shoulder cloth,https://images.unsplash.com/photo-1599643478518-a784e5dc4c8f?w=800&auto=format&fit=crop&q=80,60,ACTIVE,true
Devotee Kurta Pajama Set Heritage,RAM-CR-003,Clothing & Religious Wear,1489,1719,39,Pure cotton kurta pajama set in traditional white/cream for temple visits and religious ceremonies.,Traditional kurta set for puja,https://images.unsplash.com/photo-1604607053070-6ede2b4c6747?w=800&auto=format&fit=crop&q=80,408,ACTIVE,true
Silk Dupatta for Temple Visit Royal,RAM-CR-004,Clothing & Religious Wear,459,619,77,Elegant pure silk dupatta with zari border for women's temple visits and religious ceremony head covering.,Pure silk head covering dupatta,https://images.unsplash.com/photo-1617627143750-d86bc21e42bb?w=800&auto=format&fit=crop&q=80,127,ACTIVE,false
Pandit Ji Dhoti Kurta Set Classic,RAM-CR-005,Clothing & Religious Wear,2119,2609,28,Premium quality pure cotton pandit dhoti kurta set with angavastram for priests and ceremony conductors.,Priest ceremonial white outfit,https://images.unsplash.com/photo-1599643478518-a784e5dc4c8f?w=800&auto=format&fit=crop&q=80,460,ACTIVE,false
Handloom Cotton Saree Handcrafted,RAM-CR-006,Clothing & Religious Wear,3249,3999,44,Handloom woven pure cotton saree with temple border design for regular temple visits and pooja.,Traditional cotton temple saree,https://images.unsplash.com/photo-1604607053070-6ede2b4c6747?w=800&auto=format&fit=crop&q=80,280,ACTIVE,false
Gamcha / Puja Towel Traditional,RAM-CR-007,Clothing & Religious Wear,169,229,51,"Pure cotton gamcha (checkered towel) traditionally used during puja, holy dip, and temple ceremonies.",Traditional cotton temple towel,https://images.unsplash.com/photo-1617627143750-d86bc21e42bb?w=800&auto=format&fit=crop&q=80,57,ACTIVE,false
Bhagwa (Saffron) Meditation Shawl Sacred,RAM-CR-008,Clothing & Religious Wear,499,679,50,"Natural dye saffron bhagwa shawl for meditation, spiritual practice, and ashram retreats.",Saffron-dyed spiritual meditation wrap,https://images.unsplash.com/photo-1599643478518-a784e5dc4c8f?w=800&auto=format&fit=crop&q=80,280,ACTIVE,false
Cotton Topi (Prayer Cap) Classic,RAM-CR-009,Clothing & Religious Wear,109,139,106,"Hand-stitched pure cotton topi cap for men worn during puja, temple visits, and religious ceremonies.",Traditional prayer skull cap,https://images.unsplash.com/photo-1604607053070-6ede2b4c6747?w=800&auto=format&fit=crop&q=80,43,ACTIVE,false
Silk Pattu / Veshti Temple Grade,RAM-CR-010,Clothing & Religious Wear,3329,4429,24,Premium quality silk pattu veshti with golden border for South Indian temple visits and ceremonies.,South Indian silk garment,https://images.unsplash.com/photo-1617627143750-d86bc21e42bb?w=800&auto=format&fit=crop&q=80,182,ACTIVE,false
Pure Cotton Dhoti Handcrafted,RAM-CR-011,Clothing & Religious Wear,239,299,38,"Premium quality handloom pure cotton dhoti for temple visits, puja ceremonies, and religious occasions.",Traditional white cotton dhoti,https://images.unsplash.com/photo-1599643478518-a784e5dc4c8f?w=800&auto=format&fit=crop&q=80,155,ACTIVE,false
Silk Angavastram (Uttariya) Premium,RAM-CR-012,Clothing & Religious Wear,1889,2349,46,"Fine Kanchipuram silk angavastram with zari border for priests, devotees, and ceremonial occasions.",Pure silk shoulder cloth,https://images.unsplash.com/photo-1604607053070-6ede2b4c6747?w=800&auto=format&fit=crop&q=80,176,ACTIVE,false
Devotee Kurta Pajama Set Royal,RAM-CR-013,Clothing & Religious Wear,1779,2249,11,Pure cotton kurta pajama set in traditional white/cream for temple visits and religious ceremonies.,Traditional kurta set for puja,https://images.unsplash.com/photo-1617627143750-d86bc21e42bb?w=800&auto=format&fit=crop&q=80,450,ACTIVE,false
Silk Dupatta for Temple Visit Traditional,RAM-CR-014,Clothing & Religious Wear,489,599,19,Elegant pure silk dupatta with zari border for women's temple visits and religious ceremony head covering.,Pure silk head covering dupatta,https://images.unsplash.com/photo-1599643478518-a784e5dc4c8f?w=800&auto=format&fit=crop&q=80,124,ACTIVE,false
Pandit Ji Dhoti Kurta Set Traditional,RAM-CR-015,Clothing & Religious Wear,2729,3529,50,Premium quality pure cotton pandit dhoti kurta set with angavastram for priests and ceremony conductors.,Priest ceremonial white outfit,https://images.unsplash.com/photo-1604607053070-6ede2b4c6747?w=800&auto=format&fit=crop&q=80,351,ACTIVE,false
Handloom Cotton Saree Premium,RAM-CR-016,Clothing & Religious Wear,2659,3219,14,Handloom woven pure cotton saree with temple border design for regular temple visits and pooja.,Traditional cotton temple saree,https://images.unsplash.com/photo-1617627143750-d86bc21e42bb?w=800&auto=format&fit=crop&q=80,202,ACTIVE,false
Gamcha / Puja Towel Artisan,RAM-CR-017,Clothing & Religious Wear,299,329,56,"Pure cotton gamcha (checkered towel) traditionally used during puja, holy dip, and temple ceremonies.",Traditional cotton temple towel,https://images.unsplash.com/photo-1599643478518-a784e5dc4c8f?w=800&auto=format&fit=crop&q=80,68,ACTIVE,false
Bhagwa (Saffron) Meditation Shawl Handcrafted,RAM-CR-018,Clothing & Religious Wear,639,809,49,"Natural dye saffron bhagwa shawl for meditation, spiritual practice, and ashram retreats.",Saffron-dyed spiritual meditation wrap,https://images.unsplash.com/photo-1604607053070-6ede2b4c6747?w=800&auto=format&fit=crop&q=80,320,ACTIVE,false
Cotton Topi (Prayer Cap) Premium,RAM-CR-019,Clothing & Religious Wear,199,259,50,"Hand-stitched pure cotton topi cap for men worn during puja, temple visits, and religious ceremonies.",Traditional prayer skull cap,https://images.unsplash.com/photo-1617627143750-d86bc21e42bb?w=800&auto=format&fit=crop&q=80,35,ACTIVE,false
Silk Pattu / Veshti Heritage,RAM-CR-020,Clothing & Religious Wear,4579,5269,30,Premium quality silk pattu veshti with golden border for South Indian temple visits and ceremonies.,South Indian silk garment,https://images.unsplash.com/photo-1599643478518-a784e5dc4c8f?w=800&auto=format&fit=crop&q=80,354,ACTIVE,false
Pure Cotton Dhoti Royal,RAM-CR-021,Clothing & Religious Wear,1039,1199,61,"Premium quality handloom pure cotton dhoti for temple visits, puja ceremonies, and religious occasions.",Traditional white cotton dhoti,https://images.unsplash.com/photo-1604607053070-6ede2b4c6747?w=800&auto=format&fit=crop&q=80,400,ACTIVE,false
Silk Angavastram (Uttariya) Traditional,RAM-CR-022,Clothing & Religious Wear,2159,2749,63,"Fine Kanchipuram silk angavastram with zari border for priests, devotees, and ceremonial occasions.",Pure silk shoulder cloth,https://images.unsplash.com/photo-1617627143750-d86bc21e42bb?w=800&auto=format&fit=crop&q=80,100,ACTIVE,false
Devotee Kurta Pajama Set Premium,RAM-CR-023,Clothing & Religious Wear,2129,2729,28,Pure cotton kurta pajama set in traditional white/cream for temple visits and religious ceremonies.,Traditional kurta set for puja,https://images.unsplash.com/photo-1599643478518-a784e5dc4c8f?w=800&auto=format&fit=crop&q=80,480,ACTIVE,false
Silk Dupatta for Temple Visit Temple Grade,RAM-CR-024,Clothing & Religious Wear,829,1069,24,Elegant pure silk dupatta with zari border for women's temple visits and religious ceremony head covering.,Pure silk head covering dupatta,https://images.unsplash.com/photo-1604607053070-6ede2b4c6747?w=800&auto=format&fit=crop&q=80,75,ACTIVE,false
Pandit Ji Dhoti Kurta Set Premium,RAM-CR-025,Clothing & Religious Wear,2059,2699,22,Premium quality pure cotton pandit dhoti kurta set with angavastram for priests and ceremony conductors.,Priest ceremonial white outfit,https://images.unsplash.com/photo-1617627143750-d86bc21e42bb?w=800&auto=format&fit=crop&q=80,506,ACTIVE,false
Handloom Cotton Saree Heritage,RAM-CR-026,Clothing & Religious Wear,3879,4309,21,Handloom woven pure cotton saree with temple border design for regular temple visits and pooja.,Traditional cotton temple saree,https://images.unsplash.com/photo-1599643478518-a784e5dc4c8f?w=800&auto=format&fit=crop&q=80,281,ACTIVE,false
Gamcha / Puja Towel Deluxe,RAM-CR-027,Clothing & Religious Wear,279,319,125,"Pure cotton gamcha (checkered towel) traditionally used during puja, holy dip, and temple ceremonies.",Traditional cotton temple towel,https://images.unsplash.com/photo-1604607053070-6ede2b4c6747?w=800&auto=format&fit=crop&q=80,59,ACTIVE,false
Bhagwa (Saffron) Meditation Shawl Traditional,RAM-CR-028,Clothing & Religious Wear,349,429,64,"Natural dye saffron bhagwa shawl for meditation, spiritual practice, and ashram retreats.",Saffron-dyed spiritual meditation wrap,https://images.unsplash.com/photo-1617627143750-d86bc21e42bb?w=800&auto=format&fit=crop&q=80,321,ACTIVE,false
Cotton Topi (Prayer Cap) Sacred,RAM-CR-029,Clothing & Religious Wear,209,269,271,"Hand-stitched pure cotton topi cap for men worn during puja, temple visits, and religious ceremonies.",Traditional prayer skull cap,https://images.unsplash.com/photo-1599643478518-a784e5dc4c8f?w=800&auto=format&fit=crop&q=80,21,ACTIVE,false
Silk Pattu / Veshti Royal,RAM-CR-030,Clothing & Religious Wear,779,989,38,Premium quality silk pattu veshti with golden border for South Indian temple visits and ceremonies.,South Indian silk garment,https://images.unsplash.com/photo-1604607053070-6ede2b4c6747?w=800&auto=format&fit=crop&q=80,370,ACTIVE,false
Pure Cotton Dhoti Premium,RAM-CR-031,Clothing & Religious Wear,519,599,86,"Premium quality handloom pure cotton dhoti for temple visits, puja ceremonies, and religious occasions.",Traditional white cotton dhoti,https://images.unsplash.com/photo-1617627143750-d86bc21e42bb?w=800&auto=format&fit=crop&q=80,291,ACTIVE,false
Silk Angavastram (Uttariya) Royal,RAM-CR-032,Clothing & Religious Wear,1169,1519,56,"Fine Kanchipuram silk angavastram with zari border for priests, devotees, and ceremonial occasions.",Pure silk shoulder cloth,https://images.unsplash.com/photo-1599643478518-a784e5dc4c8f?w=800&auto=format&fit=crop&q=80,114,ACTIVE,false
Devotee Kurta Pajama Set Classic,RAM-CR-033,Clothing & Religious Wear,1469,1939,24,Pure cotton kurta pajama set in traditional white/cream for temple visits and religious ceremonies.,Traditional kurta set for puja,https://images.unsplash.com/photo-1604607053070-6ede2b4c6747?w=800&auto=format&fit=crop&q=80,464,ACTIVE,false
Silk Dupatta for Temple Visit Artisan,RAM-CR-034,Clothing & Religious Wear,1909,2509,36,Elegant pure silk dupatta with zari border for women's temple visits and religious ceremony head covering.,Pure silk head covering dupatta,https://images.unsplash.com/photo-1617627143750-d86bc21e42bb?w=800&auto=format&fit=crop&q=80,112,ACTIVE,false
Pandit Ji Dhoti Kurta Set Artisan,RAM-CR-035,Clothing & Religious Wear,2289,2929,22,Premium quality pure cotton pandit dhoti kurta set with angavastram for priests and ceremony conductors.,Priest ceremonial white outfit,https://images.unsplash.com/photo-1599643478518-a784e5dc4c8f?w=800&auto=format&fit=crop&q=80,596,ACTIVE,false
Handloom Cotton Saree Temple Grade,RAM-CR-036,Clothing & Religious Wear,2899,3659,50,Handloom woven pure cotton saree with temple border design for regular temple visits and pooja.,Traditional cotton temple saree,https://images.unsplash.com/photo-1604607053070-6ede2b4c6747?w=800&auto=format&fit=crop&q=80,305,ACTIVE,false
Gamcha / Puja Towel Handcrafted,RAM-CR-037,Clothing & Religious Wear,249,339,196,"Pure cotton gamcha (checkered towel) traditionally used during puja, holy dip, and temple ceremonies.",Traditional cotton temple towel,https://images.unsplash.com/photo-1617627143750-d86bc21e42bb?w=800&auto=format&fit=crop&q=80,145,ACTIVE,false
Bhagwa (Saffron) Meditation Shawl Classic,RAM-CR-038,Clothing & Religious Wear,1389,1669,46,"Natural dye saffron bhagwa shawl for meditation, spiritual practice, and ashram retreats.",Saffron-dyed spiritual meditation wrap,https://images.unsplash.com/photo-1599643478518-a784e5dc4c8f?w=800&auto=format&fit=crop&q=80,156,ACTIVE,false
Cotton Topi (Prayer Cap) Handcrafted,RAM-CR-039,Clothing & Religious Wear,209,289,154,"Hand-stitched pure cotton topi cap for men worn during puja, temple visits, and religious ceremonies.",Traditional prayer skull cap,https://images.unsplash.com/photo-1604607053070-6ede2b4c6747?w=800&auto=format&fit=crop&q=80,28,ACTIVE,false
Silk Pattu / Veshti Artisan,RAM-CR-040,Clothing & Religious Wear,879,989,15,Premium quality silk pattu veshti with golden border for South Indian temple visits and ceremonies.,South Indian silk garment,https://images.unsplash.com/photo-1617627143750-d86bc21e42bb?w=800&auto=format&fit=crop&q=80,245,ACTIVE,false
Pure Cotton Dhoti Traditional,RAM-CR-041,Clothing & Religious Wear,339,459,47,"Premium quality handloom pure cotton dhoti for temple visits, puja ceremonies, and religious occasions.",Traditional white cotton dhoti,https://images.unsplash.com/photo-1599643478518-a784e5dc4c8f?w=800&auto=format&fit=crop&q=80,334,ACTIVE,false
Silk Angavastram (Uttariya) Temple Grade,RAM-CR-042,Clothing & Religious Wear,2769,3189,63,"Fine Kanchipuram silk angavastram with zari border for priests, devotees, and ceremonial occasions.",Pure silk shoulder cloth,https://images.unsplash.com/photo-1604607053070-6ede2b4c6747?w=800&auto=format&fit=crop&q=80,187,ACTIVE,false
Devotee Kurta Pajama Set Deluxe,RAM-CR-043,Clothing & Religious Wear,519,669,27,Pure cotton kurta pajama set in traditional white/cream for temple visits and religious ceremonies.,Traditional kurta set for puja,https://images.unsplash.com/photo-1617627143750-d86bc21e42bb?w=800&auto=format&fit=crop&q=80,438,ACTIVE,false
Silk Dupatta for Temple Visit Classic,RAM-CR-044,Clothing & Religious Wear,1899,2109,69,Elegant pure silk dupatta with zari border for women's temple visits and religious ceremony head covering.,Pure silk head covering dupatta,https://images.unsplash.com/photo-1599643478518-a784e5dc4c8f?w=800&auto=format&fit=crop&q=80,96,ACTIVE,false
Pandit Ji Dhoti Kurta Set Handcrafted,RAM-CR-045,Clothing & Religious Wear,609,739,47,Premium quality pure cotton pandit dhoti kurta set with angavastram for priests and ceremony conductors.,Priest ceremonial white outfit,https://images.unsplash.com/photo-1604607053070-6ede2b4c6747?w=800&auto=format&fit=crop&q=80,371,ACTIVE,false
Handloom Cotton Saree Deluxe,RAM-CR-046,Clothing & Religious Wear,3129,3509,36,Handloom woven pure cotton saree with temple border design for regular temple visits and pooja.,Traditional cotton temple saree,https://images.unsplash.com/photo-1617627143750-d86bc21e42bb?w=800&auto=format&fit=crop&q=80,248,ACTIVE,false
Gamcha / Puja Towel Sacred,RAM-CR-047,Clothing & Religious Wear,179,229,40,"Pure cotton gamcha (checkered towel) traditionally used during puja, holy dip, and temple ceremonies.",Traditional cotton temple towel,https://images.unsplash.com/photo-1599643478518-a784e5dc4c8f?w=800&auto=format&fit=crop&q=80,138,ACTIVE,false
Bhagwa (Saffron) Meditation Shawl Heritage,RAM-CR-048,Clothing & Religious Wear,279,379,50,"Natural dye saffron bhagwa shawl for meditation, spiritual practice, and ashram retreats.",Saffron-dyed spiritual meditation wrap,https://images.unsplash.com/photo-1604607053070-6ede2b4c6747?w=800&auto=format&fit=crop&q=80,231,ACTIVE,false
Cotton Topi (Prayer Cap) Deluxe,RAM-CR-049,Clothing & Religious Wear,179,199,195,"Hand-stitched pure cotton topi cap for men worn during puja, temple visits, and religious ceremonies.",Traditional prayer skull cap,https://images.unsplash.com/photo-1617627143750-d86bc21e42bb?w=800&auto=format&fit=crop&q=80,41,ACTIVE,false
Silk Pattu / Veshti Traditional,RAM-CR-050,Clothing & Religious Wear,2029,2499,28,Premium quality silk pattu veshti with golden border for South Indian temple visits and ceremonies.,South Indian silk garment,https://images.unsplash.com/photo-1599643478518-a784e5dc4c8f?w=800&auto=format&fit=crop&q=80,270,ACTIVE,false
Cotton Asan (Prayer Mat) Traditional,RAM-SA-001,Spiritual Accessories,769,909,54,Hand-woven pure cotton asan for seated meditation and puja. Traditional kushagrass-inspired weave pattern.,Pure cotton meditation seat mat,https://images.unsplash.com/photo-1571406252241-db0280bd36cd?w=800&auto=format&fit=crop&q=80,133,ACTIVE,true
Japa Mala Counter Bag Premium,RAM-SA-002,Spiritual Accessories,49,59,62,Handstitched japa bag (gomukhi) for concealed mala counting during mantra meditation. Keeps mala sacred.,Cloth bag for mala meditation,https://images.unsplash.com/photo-1599643478518-a784e5dc4c8f?w=800&auto=format&fit=crop&q=80,25,ACTIVE,true
Tilak Stamp Set Traditional,RAM-SA-003,Spiritual Accessories,69,89,112,Set of traditional wooden tilak stamps for applying perfect Vaishnav and Shaiva tilak marks with sandalwood paste.,Wooden tilak applicator stamps,https://images.unsplash.com/photo-1590249350651-28a2c5aa0de3?w=800&auto=format&fit=crop&q=80,26,ACTIVE,true
Wooden Meditation Bench Heritage,RAM-SA-004,Spiritual Accessories,519,619,15,Folding wooden meditation bench with angled seat for comfortable extended meditation and puja sessions.,Ergonomic prayer seating bench,https://images.unsplash.com/photo-1571406252241-db0280bd36cd?w=800&auto=format&fit=crop&q=80,1411,ACTIVE,false
Gomukhi Japa Bag Silk Royal,RAM-SA-005,Spiritual Accessories,349,439,58,Premium quality silk gomukhi bag with embroidered Om symbol for Rudraksha and sphatik mala jaap.,Premium silk meditation hand bag,https://images.unsplash.com/photo-1599643478518-a784e5dc4c8f?w=800&auto=format&fit=crop&q=80,35,ACTIVE,false
Chandan (Sandalwood) Paste Set Sacred,RAM-SA-006,Spiritual Accessories,299,399,68,Premium Mysore sandalwood paste set with stone slab (silbatta) for preparing fresh chandan for tilak.,Ready-made sandalwood tilak set,https://images.unsplash.com/photo-1590249350651-28a2c5aa0de3?w=800&auto=format&fit=crop&q=80,53,ACTIVE,false
Sacred Thread (Mauli) Roll Sacred,RAM-SA-007,Spiritual Accessories,39,59,309,Long roll of sacred mauli (kalawa) thread for tying on wrist during puja for divine protection.,Red and yellow protection thread,https://images.unsplash.com/photo-1571406252241-db0280bd36cd?w=800&auto=format&fit=crop&q=80,74,ACTIVE,false
Brass Pooja Ghanti (Small Bell) Royal,RAM-SA-008,Spiritual Accessories,319,409,86,Small brass puja ghanti with Om motif for daily aarti ringing. Produces clear and spiritually uplifting tone.,Handheld small brass prayer bell,https://images.unsplash.com/photo-1599643478518-a784e5dc4c8f?w=800&auto=format&fit=crop&q=80,174,ACTIVE,false
Deer Skin Meditation Mat Temple Grade,RAM-SA-009,Spiritual Accessories,949,1099,16,Ethically-sourced natural deer skin asan for advanced yogic meditation practice as prescribed in scriptures.,Traditional meditation asan,https://images.unsplash.com/photo-1590249350651-28a2c5aa0de3?w=800&auto=format&fit=crop&q=80,347,ACTIVE,false
Digital Japa Counter Machine Heritage,RAM-SA-010,Spiritual Accessories,139,169,39,Digital electronic japa counter with LCD display for accurate mantra counting during long meditation sessions.,Electronic mantra counting device,https://images.unsplash.com/photo-1571406252241-db0280bd36cd?w=800&auto=format&fit=crop&q=80,59,ACTIVE,false
Cotton Asan (Prayer Mat) Classic,RAM-SA-011,Spiritual Accessories,479,559,20,Hand-woven pure cotton asan for seated meditation and puja. Traditional kushagrass-inspired weave pattern.,Pure cotton meditation seat mat,https://images.unsplash.com/photo-1599643478518-a784e5dc4c8f?w=800&auto=format&fit=crop&q=80,366,ACTIVE,false
Japa Mala Counter Bag Temple Grade,RAM-SA-012,Spiritual Accessories,79,99,117,Handstitched japa bag (gomukhi) for concealed mala counting during mantra meditation. Keeps mala sacred.,Cloth bag for mala meditation,https://images.unsplash.com/photo-1590249350651-28a2c5aa0de3?w=800&auto=format&fit=crop&q=80,65,ACTIVE,false
Tilak Stamp Set Temple Grade,RAM-SA-013,Spiritual Accessories,259,309,168,Set of traditional wooden tilak stamps for applying perfect Vaishnav and Shaiva tilak marks with sandalwood paste.,Wooden tilak applicator stamps,https://images.unsplash.com/photo-1571406252241-db0280bd36cd?w=800&auto=format&fit=crop&q=80,60,ACTIVE,false
Wooden Meditation Bench Sacred,RAM-SA-014,Spiritual Accessories,1669,2119,25,Folding wooden meditation bench with angled seat for comfortable extended meditation and puja sessions.,Ergonomic prayer seating bench,https://images.unsplash.com/photo-1599643478518-a784e5dc4c8f?w=800&auto=format&fit=crop&q=80,656,ACTIVE,false
Gomukhi Japa Bag Silk Heritage,RAM-SA-015,Spiritual Accessories,329,419,50,Premium quality silk gomukhi bag with embroidered Om symbol for Rudraksha and sphatik mala jaap.,Premium silk meditation hand bag,https://images.unsplash.com/photo-1590249350651-28a2c5aa0de3?w=800&auto=format&fit=crop&q=80,33,ACTIVE,false
Chandan (Sandalwood) Paste Set Premium,RAM-SA-016,Spiritual Accessories,269,329,38,Premium Mysore sandalwood paste set with stone slab (silbatta) for preparing fresh chandan for tilak.,Ready-made sandalwood tilak set,https://images.unsplash.com/photo-1571406252241-db0280bd36cd?w=800&auto=format&fit=crop&q=80,113,ACTIVE,false
Sacred Thread (Mauli) Roll Heritage,RAM-SA-017,Spiritual Accessories,139,169,285,Long roll of sacred mauli (kalawa) thread for tying on wrist during puja for divine protection.,Red and yellow protection thread,https://images.unsplash.com/photo-1599643478518-a784e5dc4c8f?w=800&auto=format&fit=crop&q=80,32,ACTIVE,false
Brass Pooja Ghanti (Small Bell) Handcrafted,RAM-SA-018,Spiritual Accessories,309,419,100,Small brass puja ghanti with Om motif for daily aarti ringing. Produces clear and spiritually uplifting tone.,Handheld small brass prayer bell,https://images.unsplash.com/photo-1590249350651-28a2c5aa0de3?w=800&auto=format&fit=crop&q=80,53,ACTIVE,false
Deer Skin Meditation Mat Royal,RAM-SA-019,Spiritual Accessories,979,1109,13,Ethically-sourced natural deer skin asan for advanced yogic meditation practice as prescribed in scriptures.,Traditional meditation asan,https://images.unsplash.com/photo-1571406252241-db0280bd36cd?w=800&auto=format&fit=crop&q=80,380,ACTIVE,false
Digital Japa Counter Machine Sacred,RAM-SA-020,Spiritual Accessories,389,479,102,Digital electronic japa counter with LCD display for accurate mantra counting during long meditation sessions.,Electronic mantra counting device,https://images.unsplash.com/photo-1599643478518-a784e5dc4c8f?w=800&auto=format&fit=crop&q=80,61,ACTIVE,false
Cotton Asan (Prayer Mat) Artisan,RAM-SA-021,Spiritual Accessories,729,819,24,Hand-woven pure cotton asan for seated meditation and puja. Traditional kushagrass-inspired weave pattern.,Pure cotton meditation seat mat,https://images.unsplash.com/photo-1590249350651-28a2c5aa0de3?w=800&auto=format&fit=crop&q=80,481,ACTIVE,false
Japa Mala Counter Bag Artisan,RAM-SA-022,Spiritual Accessories,279,359,108,Handstitched japa bag (gomukhi) for concealed mala counting during mantra meditation. Keeps mala sacred.,Cloth bag for mala meditation,https://images.unsplash.com/photo-1571406252241-db0280bd36cd?w=800&auto=format&fit=crop&q=80,58,ACTIVE,false
Tilak Stamp Set Heritage,RAM-SA-023,Spiritual Accessories,69,99,161,Set of traditional wooden tilak stamps for applying perfect Vaishnav and Shaiva tilak marks with sandalwood paste.,Wooden tilak applicator stamps,https://images.unsplash.com/photo-1599643478518-a784e5dc4c8f?w=800&auto=format&fit=crop&q=80,48,ACTIVE,false
Wooden Meditation Bench Premium,RAM-SA-024,Spiritual Accessories,1269,1439,20,Folding wooden meditation bench with angled seat for comfortable extended meditation and puja sessions.,Ergonomic prayer seating bench,https://images.unsplash.com/photo-1590249350651-28a2c5aa0de3?w=800&auto=format&fit=crop&q=80,540,ACTIVE,false
Gomukhi Japa Bag Silk Premium,RAM-SA-025,Spiritual Accessories,99,129,42,Premium quality silk gomukhi bag with embroidered Om symbol for Rudraksha and sphatik mala jaap.,Premium silk meditation hand bag,https://images.unsplash.com/photo-1571406252241-db0280bd36cd?w=800&auto=format&fit=crop&q=80,28,ACTIVE,false
Chandan (Sandalwood) Paste Set Classic,RAM-SA-026,Spiritual Accessories,489,549,70,Premium Mysore sandalwood paste set with stone slab (silbatta) for preparing fresh chandan for tilak.,Ready-made sandalwood tilak set,https://images.unsplash.com/photo-1599643478518-a784e5dc4c8f?w=800&auto=format&fit=crop&q=80,251,ACTIVE,false
Sacred Thread (Mauli) Roll Traditional,RAM-SA-027,Spiritual Accessories,49,59,234,Long roll of sacred mauli (kalawa) thread for tying on wrist during puja for divine protection.,Red and yellow protection thread,https://images.unsplash.com/photo-1590249350651-28a2c5aa0de3?w=800&auto=format&fit=crop&q=80,49,ACTIVE,false
Brass Pooja Ghanti (Small Bell) Heritage,RAM-SA-028,Spiritual Accessories,339,459,32,Small brass puja ghanti with Om motif for daily aarti ringing. Produces clear and spiritually uplifting tone.,Handheld small brass prayer bell,https://images.unsplash.com/photo-1571406252241-db0280bd36cd?w=800&auto=format&fit=crop&q=80,193,ACTIVE,false
Deer Skin Meditation Mat Premium,RAM-SA-029,Spiritual Accessories,809,1019,6,Ethically-sourced natural deer skin asan for advanced yogic meditation practice as prescribed in scriptures.,Traditional meditation asan,https://images.unsplash.com/photo-1599643478518-a784e5dc4c8f?w=800&auto=format&fit=crop&q=80,551,ACTIVE,false
Digital Japa Counter Machine Temple Grade,RAM-SA-030,Spiritual Accessories,319,429,92,Digital electronic japa counter with LCD display for accurate mantra counting during long meditation sessions.,Electronic mantra counting device,https://images.unsplash.com/photo-1590249350651-28a2c5aa0de3?w=800&auto=format&fit=crop&q=80,47,ACTIVE,false
Cotton Asan (Prayer Mat) Temple Grade,RAM-SA-031,Spiritual Accessories,459,529,56,Hand-woven pure cotton asan for seated meditation and puja. Traditional kushagrass-inspired weave pattern.,Pure cotton meditation seat mat,https://images.unsplash.com/photo-1571406252241-db0280bd36cd?w=800&auto=format&fit=crop&q=80,132,ACTIVE,false
Japa Mala Counter Bag Heritage,RAM-SA-032,Spiritual Accessories,119,159,176,Handstitched japa bag (gomukhi) for concealed mala counting during mantra meditation. Keeps mala sacred.,Cloth bag for mala meditation,https://images.unsplash.com/photo-1599643478518-a784e5dc4c8f?w=800&auto=format&fit=crop&q=80,32,ACTIVE,false
Tilak Stamp Set Deluxe,RAM-SA-033,Spiritual Accessories,189,259,198,Set of traditional wooden tilak stamps for applying perfect Vaishnav and Shaiva tilak marks with sandalwood paste.,Wooden tilak applicator stamps,https://images.unsplash.com/photo-1590249350651-28a2c5aa0de3?w=800&auto=format&fit=crop&q=80,43,ACTIVE,false
Wooden Meditation Bench Deluxe,RAM-SA-034,Spiritual Accessories,1899,2129,27,Folding wooden meditation bench with angled seat for comfortable extended meditation and puja sessions.,Ergonomic prayer seating bench,https://images.unsplash.com/photo-1571406252241-db0280bd36cd?w=800&auto=format&fit=crop&q=80,1955,ACTIVE,false
Gomukhi Japa Bag Silk Temple Grade,RAM-SA-035,Spiritual Accessories,179,209,81,Premium quality silk gomukhi bag with embroidered Om symbol for Rudraksha and sphatik mala jaap.,Premium silk meditation hand bag,https://images.unsplash.com/photo-1599643478518-a784e5dc4c8f?w=800&auto=format&fit=crop&q=80,52,ACTIVE,false
Chandan (Sandalwood) Paste Set Heritage,RAM-SA-036,Spiritual Accessories,909,1069,18,Premium Mysore sandalwood paste set with stone slab (silbatta) for preparing fresh chandan for tilak.,Ready-made sandalwood tilak set,https://images.unsplash.com/photo-1590249350651-28a2c5aa0de3?w=800&auto=format&fit=crop&q=80,194,ACTIVE,false
Sacred Thread (Mauli) Roll Premium,RAM-SA-037,Spiritual Accessories,129,159,201,Long roll of sacred mauli (kalawa) thread for tying on wrist during puja for divine protection.,Red and yellow protection thread,https://images.unsplash.com/photo-1571406252241-db0280bd36cd?w=800&auto=format&fit=crop&q=80,43,ACTIVE,false
Brass Pooja Ghanti (Small Bell) Artisan,RAM-SA-038,Spiritual Accessories,319,409,110,Small brass puja ghanti with Om motif for daily aarti ringing. Produces clear and spiritually uplifting tone.,Handheld small brass prayer bell,https://images.unsplash.com/photo-1599643478518-a784e5dc4c8f?w=800&auto=format&fit=crop&q=80,195,ACTIVE,false
Deer Skin Meditation Mat Artisan,RAM-SA-039,Spiritual Accessories,2019,2229,10,Ethically-sourced natural deer skin asan for advanced yogic meditation practice as prescribed in scriptures.,Traditional meditation asan,https://images.unsplash.com/photo-1590249350651-28a2c5aa0de3?w=800&auto=format&fit=crop&q=80,280,ACTIVE,false
Digital Japa Counter Machine Royal,RAM-SA-040,Spiritual Accessories,179,229,26,Digital electronic japa counter with LCD display for accurate mantra counting during long meditation sessions.,Electronic mantra counting device,https://images.unsplash.com/photo-1571406252241-db0280bd36cd?w=800&auto=format&fit=crop&q=80,59,ACTIVE,false
Cotton Asan (Prayer Mat) Royal,RAM-SA-041,Spiritual Accessories,269,359,74,Hand-woven pure cotton asan for seated meditation and puja. Traditional kushagrass-inspired weave pattern.,Pure cotton meditation seat mat,https://images.unsplash.com/photo-1599643478518-a784e5dc4c8f?w=800&auto=format&fit=crop&q=80,382,ACTIVE,false
Japa Mala Counter Bag Traditional,RAM-SA-042,Spiritual Accessories,119,149,186,Handstitched japa bag (gomukhi) for concealed mala counting during mantra meditation. Keeps mala sacred.,Cloth bag for mala meditation,https://images.unsplash.com/photo-1590249350651-28a2c5aa0de3?w=800&auto=format&fit=crop&q=80,21,ACTIVE,false
Tilak Stamp Set Sacred,RAM-SA-043,Spiritual Accessories,119,159,41,Set of traditional wooden tilak stamps for applying perfect Vaishnav and Shaiva tilak marks with sandalwood paste.,Wooden tilak applicator stamps,https://images.unsplash.com/photo-1571406252241-db0280bd36cd?w=800&auto=format&fit=crop&q=80,55,ACTIVE,false
Wooden Meditation Bench Artisan,RAM-SA-044,Spiritual Accessories,1369,1629,28,Folding wooden meditation bench with angled seat for comfortable extended meditation and puja sessions.,Ergonomic prayer seating bench,https://images.unsplash.com/photo-1599643478518-a784e5dc4c8f?w=800&auto=format&fit=crop&q=80,1165,ACTIVE,false
Gomukhi Japa Bag Silk Classic,RAM-SA-045,Spiritual Accessories,169,199,28,Premium quality silk gomukhi bag with embroidered Om symbol for Rudraksha and sphatik mala jaap.,Premium silk meditation hand bag,https://images.unsplash.com/photo-1590249350651-28a2c5aa0de3?w=800&auto=format&fit=crop&q=80,33,ACTIVE,false
Chandan (Sandalwood) Paste Set Traditional,RAM-SA-046,Spiritual Accessories,579,759,43,Premium Mysore sandalwood paste set with stone slab (silbatta) for preparing fresh chandan for tilak.,Ready-made sandalwood tilak set,https://images.unsplash.com/photo-1571406252241-db0280bd36cd?w=800&auto=format&fit=crop&q=80,242,ACTIVE,false
Sacred Thread (Mauli) Roll Deluxe,RAM-SA-047,Spiritual Accessories,89,119,399,Long roll of sacred mauli (kalawa) thread for tying on wrist during puja for divine protection.,Red and yellow protection thread,https://images.unsplash.com/photo-1599643478518-a784e5dc4c8f?w=800&auto=format&fit=crop&q=80,31,ACTIVE,false
Brass Pooja Ghanti (Small Bell) Deluxe,RAM-SA-048,Spiritual Accessories,89,119,87,Small brass puja ghanti with Om motif for daily aarti ringing. Produces clear and spiritually uplifting tone.,Handheld small brass prayer bell,https://images.unsplash.com/photo-1590249350651-28a2c5aa0de3?w=800&auto=format&fit=crop&q=80,69,ACTIVE,false
Deer Skin Meditation Mat Handcrafted,RAM-SA-049,Spiritual Accessories,1129,1519,20,Ethically-sourced natural deer skin asan for advanced yogic meditation practice as prescribed in scriptures.,Traditional meditation asan,https://images.unsplash.com/photo-1571406252241-db0280bd36cd?w=800&auto=format&fit=crop&q=80,372,ACTIVE,false
Digital Japa Counter Machine Classic,RAM-SA-050,Spiritual Accessories,99,129,89,Digital electronic japa counter with LCD display for accurate mantra counting during long meditation sessions.,Electronic mantra counting device,https://images.unsplash.com/photo-1599643478518-a784e5dc4c8f?w=800&auto=format&fit=crop&q=80,31,ACTIVE,false
Mysore Sandalwood Dhoop Cones Large Count,RAM-HF-001,Home Fragrance,529,599,52,Premium Mysore sandalwood bamboo-less dhoop cones for deep spiritual focus and natural room purification.,Pure chandan bamboo-less dhoop,https://images.unsplash.com/photo-1608571423902-eed4a5ad8108?w=800&auto=format&fit=crop&q=80,158,ACTIVE,true
Natural Guggal Dhoop Traditional,RAM-HF-002,Home Fragrance,109,149,107,100% pure natural guggal resin for burning in dhunachi. Traditional temple incense for purification.,Pure guggal resin incense,https://images.unsplash.com/photo-1590249350651-28a2c5aa0de3?w=800&auto=format&fit=crop&q=80,127,ACTIVE,true
Premium Agarbatti (Incense Sticks) Artisan Pack,RAM-HF-003,Home Fragrance,309,359,212,"Hand-rolled premium quality agarbatti made from natural herbs, essential oils, and charcoal-free base.",Hand-rolled natural incense sticks,https://images.unsplash.com/photo-1604607053070-6ede2b4c6747?w=800&auto=format&fit=crop&q=80,137,ACTIVE,true
Lobaan (Frankincense) Resin Compact,RAM-HF-004,Home Fragrance,159,219,73,Premium quality lobaan (olibanum) resin for burning on charcoal. Creates sacred atmosphere with sweet aroma.,Natural frankincense for burning,https://images.unsplash.com/photo-1608571423902-eed4a5ad8108?w=800&auto=format&fit=crop&q=80,85,ACTIVE,false
Camphor Diffuser Sacred,RAM-HF-005,Home Fragrance,559,699,58,Ceramic electric camphor diffuser with adjustable heat for continuous sacred kapur fragrance in prayer room.,Electric camphor fragrance diffuser,https://images.unsplash.com/photo-1590249350651-28a2c5aa0de3?w=800&auto=format&fit=crop&q=80,233,ACTIVE,false
Essential Oil Set for Puja Room Artisan,RAM-HF-006,Home Fragrance,329,429,25,"Set of pure essential oils — sandalwood, jasmine, rose, camphor — for diffuser and puja room fragrance.",Sacred essential oil collection,https://images.unsplash.com/photo-1604607053070-6ede2b4c6747?w=800&auto=format&fit=crop&q=80,118,ACTIVE,false
Sambrani (Benzoin) Dhoop Cups Heritage Count,RAM-HF-007,Home Fragrance,159,219,207,Pre-formed sambrani (benzoin resin) dhoop cups for instant burning. Popular South Indian temple fragrance.,Ready-to-burn cup dhoop,https://images.unsplash.com/photo-1608571423902-eed4a5ad8108?w=800&auto=format&fit=crop&q=80,64,ACTIVE,false
Naivedyam Rose Agarbatti Artisan Pack,RAM-HF-008,Home Fragrance,149,189,258,Premium long-burning rose-scented agarbatti for evening aarti and deity offering with lasting fragrance.,Rose-scented premium incense sticks,https://images.unsplash.com/photo-1590249350651-28a2c5aa0de3?w=800&auto=format&fit=crop&q=80,45,ACTIVE,false
Cedar Wood Incense Holder Royal,RAM-HF-009,Home Fragrance,519,599,72,Hand-carved cedar wood incense holder with ash catcher. Natural wood grain finish for rustic temple aesthetic.,Natural wood incense burner,https://images.unsplash.com/photo-1604607053070-6ede2b4c6747?w=800&auto=format&fit=crop&q=80,193,ACTIVE,false
Havan Dhoop Cake Classic Count,RAM-HF-010,Home Fragrance,219,269,124,Ready-to-burn circular havan dhoop cakes made from 51 herbs for quick home havan without full setup.,Pre-formed havan incense discs,https://images.unsplash.com/photo-1608571423902-eed4a5ad8108?w=800&auto=format&fit=crop&q=80,55,ACTIVE,false
Jasmine (Mogra) Agarbatti Premium Heritage,RAM-HF-011,Home Fragrance,169,219,140,Premium jasmine (mogra) scented agarbatti made from natural jasmine essential oil. Temple-grade quality.,Pure jasmine flower incense,https://images.unsplash.com/photo-1590249350651-28a2c5aa0de3?w=800&auto=format&fit=crop&q=80,115,ACTIVE,false
Mysore Sandalwood Dhoop Cones Extra Large Count,RAM-HF-012,Home Fragrance,509,679,178,Premium Mysore sandalwood bamboo-less dhoop cones for deep spiritual focus and natural room purification.,Pure chandan bamboo-less dhoop,https://images.unsplash.com/photo-1604607053070-6ede2b4c6747?w=800&auto=format&fit=crop&q=80,250,ACTIVE,false
Natural Guggal Dhoop Premium,RAM-HF-013,Home Fragrance,149,169,154,100% pure natural guggal resin for burning in dhunachi. Traditional temple incense for purification.,Pure guggal resin incense,https://images.unsplash.com/photo-1608571423902-eed4a5ad8108?w=800&auto=format&fit=crop&q=80,187,ACTIVE,false
Premium Agarbatti (Incense Sticks) Premium Pack,RAM-HF-014,Home Fragrance,329,399,60,"Hand-rolled premium quality agarbatti made from natural herbs, essential oils, and charcoal-free base.",Hand-rolled natural incense sticks,https://images.unsplash.com/photo-1590249350651-28a2c5aa0de3?w=800&auto=format&fit=crop&q=80,90,ACTIVE,false
Lobaan (Frankincense) Resin Medium,RAM-HF-015,Home Fragrance,219,299,114,Premium quality lobaan (olibanum) resin for burning on charcoal. Creates sacred atmosphere with sweet aroma.,Natural frankincense for burning,https://images.unsplash.com/photo-1604607053070-6ede2b4c6747?w=800&auto=format&fit=crop&q=80,168,ACTIVE,false
Camphor Diffuser Temple Grade,RAM-HF-016,Home Fragrance,359,479,49,Ceramic electric camphor diffuser with adjustable heat for continuous sacred kapur fragrance in prayer room.,Electric camphor fragrance diffuser,https://images.unsplash.com/photo-1608571423902-eed4a5ad8108?w=800&auto=format&fit=crop&q=80,135,ACTIVE,false
Essential Oil Set for Puja Room Traditional,RAM-HF-017,Home Fragrance,499,679,18,"Set of pure essential oils — sandalwood, jasmine, rose, camphor — for diffuser and puja room fragrance.",Sacred essential oil collection,https://images.unsplash.com/photo-1590249350651-28a2c5aa0de3?w=800&auto=format&fit=crop&q=80,86,ACTIVE,false
Sambrani (Benzoin) Dhoop Cups Temple Grade Count,RAM-HF-018,Home Fragrance,69,89,121,Pre-formed sambrani (benzoin resin) dhoop cups for instant burning. Popular South Indian temple fragrance.,Ready-to-burn cup dhoop,https://images.unsplash.com/photo-1604607053070-6ede2b4c6747?w=800&auto=format&fit=crop&q=80,77,ACTIVE,false
Naivedyam Rose Agarbatti Deluxe Pack,RAM-HF-019,Home Fragrance,149,199,249,Premium long-burning rose-scented agarbatti for evening aarti and deity offering with lasting fragrance.,Rose-scented premium incense sticks,https://images.unsplash.com/photo-1608571423902-eed4a5ad8108?w=800&auto=format&fit=crop&q=80,103,ACTIVE,false
Cedar Wood Incense Holder Premium,RAM-HF-020,Home Fragrance,369,429,77,Hand-carved cedar wood incense holder with ash catcher. Natural wood grain finish for rustic temple aesthetic.,Natural wood incense burner,https://images.unsplash.com/photo-1590249350651-28a2c5aa0de3?w=800&auto=format&fit=crop&q=80,74,ACTIVE,false
Havan Dhoop Cake Handcrafted Count,RAM-HF-021,Home Fragrance,119,149,48,Ready-to-burn circular havan dhoop cakes made from 51 herbs for quick home havan without full setup.,Pre-formed havan incense discs,https://images.unsplash.com/photo-1604607053070-6ede2b4c6747?w=800&auto=format&fit=crop&q=80,198,ACTIVE,false
Jasmine (Mogra) Agarbatti Premium Handcrafted,RAM-HF-022,Home Fragrance,239,289,275,Premium jasmine (mogra) scented agarbatti made from natural jasmine essential oil. Temple-grade quality.,Pure jasmine flower incense,https://images.unsplash.com/photo-1608571423902-eed4a5ad8108?w=800&auto=format&fit=crop&q=80,110,ACTIVE,false
Mysore Sandalwood Dhoop Cones Standard Count,RAM-HF-023,Home Fragrance,399,519,126,Premium Mysore sandalwood bamboo-less dhoop cones for deep spiritual focus and natural room purification.,Pure chandan bamboo-less dhoop,https://images.unsplash.com/photo-1590249350651-28a2c5aa0de3?w=800&auto=format&fit=crop&q=80,135,ACTIVE,false
Natural Guggal Dhoop Handcrafted,RAM-HF-024,Home Fragrance,309,409,99,100% pure natural guggal resin for burning in dhunachi. Traditional temple incense for purification.,Pure guggal resin incense,https://images.unsplash.com/photo-1604607053070-6ede2b4c6747?w=800&auto=format&fit=crop&q=80,93,ACTIVE,false
Premium Agarbatti (Incense Sticks) Classic Pack,RAM-HF-025,Home Fragrance,239,289,284,"Hand-rolled premium quality agarbatti made from natural herbs, essential oils, and charcoal-free base.",Hand-rolled natural incense sticks,https://images.unsplash.com/photo-1608571423902-eed4a5ad8108?w=800&auto=format&fit=crop&q=80,76,ACTIVE,false
Lobaan (Frankincense) Resin Small,RAM-HF-026,Home Fragrance,379,429,139,Premium quality lobaan (olibanum) resin for burning on charcoal. Creates sacred atmosphere with sweet aroma.,Natural frankincense for burning,https://images.unsplash.com/photo-1590249350651-28a2c5aa0de3?w=800&auto=format&fit=crop&q=80,245,ACTIVE,false
Camphor Diffuser Traditional,RAM-HF-027,Home Fragrance,949,1189,78,Ceramic electric camphor diffuser with adjustable heat for continuous sacred kapur fragrance in prayer room.,Electric camphor fragrance diffuser,https://images.unsplash.com/photo-1604607053070-6ede2b4c6747?w=800&auto=format&fit=crop&q=80,128,ACTIVE,false
Essential Oil Set for Puja Room Royal,RAM-HF-028,Home Fragrance,879,1049,55,"Set of pure essential oils — sandalwood, jasmine, rose, camphor — for diffuser and puja room fragrance.",Sacred essential oil collection,https://images.unsplash.com/photo-1608571423902-eed4a5ad8108?w=800&auto=format&fit=crop&q=80,194,ACTIVE,false
Sambrani (Benzoin) Dhoop Cups Classic Count,RAM-HF-029,Home Fragrance,189,259,245,Pre-formed sambrani (benzoin resin) dhoop cups for instant burning. Popular South Indian temple fragrance.,Ready-to-burn cup dhoop,https://images.unsplash.com/photo-1590249350651-28a2c5aa0de3?w=800&auto=format&fit=crop&q=80,63,ACTIVE,false
Naivedyam Rose Agarbatti Heritage Pack,RAM-HF-030,Home Fragrance,249,289,226,Premium long-burning rose-scented agarbatti for evening aarti and deity offering with lasting fragrance.,Rose-scented premium incense sticks,https://images.unsplash.com/photo-1604607053070-6ede2b4c6747?w=800&auto=format&fit=crop&q=80,121,ACTIVE,false
Cedar Wood Incense Holder Classic,RAM-HF-031,Home Fragrance,359,409,87,Hand-carved cedar wood incense holder with ash catcher. Natural wood grain finish for rustic temple aesthetic.,Natural wood incense burner,https://images.unsplash.com/photo-1608571423902-eed4a5ad8108?w=800&auto=format&fit=crop&q=80,89,ACTIVE,false
Havan Dhoop Cake Premium Count,RAM-HF-032,Home Fragrance,269,359,43,Ready-to-burn circular havan dhoop cakes made from 51 herbs for quick home havan without full setup.,Pre-formed havan incense discs,https://images.unsplash.com/photo-1590249350651-28a2c5aa0de3?w=800&auto=format&fit=crop&q=80,212,ACTIVE,false
Jasmine (Mogra) Agarbatti Premium Deluxe,RAM-HF-033,Home Fragrance,179,249,153,Premium jasmine (mogra) scented agarbatti made from natural jasmine essential oil. Temple-grade quality.,Pure jasmine flower incense,https://images.unsplash.com/photo-1604607053070-6ede2b4c6747?w=800&auto=format&fit=crop&q=80,134,ACTIVE,false
Mysore Sandalwood Dhoop Cones Compact Count,RAM-HF-034,Home Fragrance,309,359,84,Premium Mysore sandalwood bamboo-less dhoop cones for deep spiritual focus and natural room purification.,Pure chandan bamboo-less dhoop,https://images.unsplash.com/photo-1608571423902-eed4a5ad8108?w=800&auto=format&fit=crop&q=80,186,ACTIVE,false
Natural Guggal Dhoop Temple Grade,RAM-HF-035,Home Fragrance,209,239,129,100% pure natural guggal resin for burning in dhunachi. Traditional temple incense for purification.,Pure guggal resin incense,https://images.unsplash.com/photo-1590249350651-28a2c5aa0de3?w=800&auto=format&fit=crop&q=80,194,ACTIVE,false
Premium Agarbatti (Incense Sticks) Handcrafted Pack,RAM-HF-036,Home Fragrance,129,179,91,"Hand-rolled premium quality agarbatti made from natural herbs, essential oils, and charcoal-free base.",Hand-rolled natural incense sticks,https://images.unsplash.com/photo-1604607053070-6ede2b4c6747?w=800&auto=format&fit=crop&q=80,71,ACTIVE,false
Lobaan (Frankincense) Resin Large,RAM-HF-037,Home Fragrance,299,339,130,Premium quality lobaan (olibanum) resin for burning on charcoal. Creates sacred atmosphere with sweet aroma.,Natural frankincense for burning,https://images.unsplash.com/photo-1608571423902-eed4a5ad8108?w=800&auto=format&fit=crop&q=80,170,ACTIVE,false
Camphor Diffuser Premium,RAM-HF-038,Home Fragrance,559,699,75,Ceramic electric camphor diffuser with adjustable heat for continuous sacred kapur fragrance in prayer room.,Electric camphor fragrance diffuser,https://images.unsplash.com/photo-1590249350651-28a2c5aa0de3?w=800&auto=format&fit=crop&q=80,287,ACTIVE,false
Essential Oil Set for Puja Room Temple Grade,RAM-HF-039,Home Fragrance,659,819,49,"Set of pure essential oils — sandalwood, jasmine, rose, camphor — for diffuser and puja room fragrance.",Sacred essential oil collection,https://images.unsplash.com/photo-1604607053070-6ede2b4c6747?w=800&auto=format&fit=crop&q=80,179,ACTIVE,false
Sambrani (Benzoin) Dhoop Cups Artisan Count,RAM-HF-040,Home Fragrance,209,239,238,Pre-formed sambrani (benzoin resin) dhoop cups for instant burning. Popular South Indian temple fragrance.,Ready-to-burn cup dhoop,https://images.unsplash.com/photo-1608571423902-eed4a5ad8108?w=800&auto=format&fit=crop&q=80,121,ACTIVE,false
Naivedyam Rose Agarbatti Sacred Pack,RAM-HF-041,Home Fragrance,119,159,269,Premium long-burning rose-scented agarbatti for evening aarti and deity offering with lasting fragrance.,Rose-scented premium incense sticks,https://images.unsplash.com/photo-1590249350651-28a2c5aa0de3?w=800&auto=format&fit=crop&q=80,54,ACTIVE,false
Cedar Wood Incense Holder Sacred,RAM-HF-042,Home Fragrance,539,709,32,Hand-carved cedar wood incense holder with ash catcher. Natural wood grain finish for rustic temple aesthetic.,Natural wood incense burner,https://images.unsplash.com/photo-1604607053070-6ede2b4c6747?w=800&auto=format&fit=crop&q=80,84,ACTIVE,false
Havan Dhoop Cake Sacred Count,RAM-HF-043,Home Fragrance,269,319,111,Ready-to-burn circular havan dhoop cakes made from 51 herbs for quick home havan without full setup.,Pre-formed havan incense discs,https://images.unsplash.com/photo-1608571423902-eed4a5ad8108?w=800&auto=format&fit=crop&q=80,93,ACTIVE,false
Jasmine (Mogra) Agarbatti Premium Classic,RAM-HF-044,Home Fragrance,279,339,268,Premium jasmine (mogra) scented agarbatti made from natural jasmine essential oil. Temple-grade quality.,Pure jasmine flower incense,https://images.unsplash.com/photo-1590249350651-28a2c5aa0de3?w=800&auto=format&fit=crop&q=80,35,ACTIVE,false
Mysore Sandalwood Dhoop Cones Small Count,RAM-HF-045,Home Fragrance,369,469,156,Premium Mysore sandalwood bamboo-less dhoop cones for deep spiritual focus and natural room purification.,Pure chandan bamboo-less dhoop,https://images.unsplash.com/photo-1604607053070-6ede2b4c6747?w=800&auto=format&fit=crop&q=80,77,ACTIVE,false
Natural Guggal Dhoop Royal,RAM-HF-046,Home Fragrance,359,409,110,100% pure natural guggal resin for burning in dhunachi. Traditional temple incense for purification.,Pure guggal resin incense,https://images.unsplash.com/photo-1608571423902-eed4a5ad8108?w=800&auto=format&fit=crop&q=80,183,ACTIVE,false
Premium Agarbatti (Incense Sticks) Deluxe Pack,RAM-HF-047,Home Fragrance,149,179,152,"Hand-rolled premium quality agarbatti made from natural herbs, essential oils, and charcoal-free base.",Hand-rolled natural incense sticks,https://images.unsplash.com/photo-1590249350651-28a2c5aa0de3?w=800&auto=format&fit=crop&q=80,146,ACTIVE,false
Lobaan (Frankincense) Resin Standard,RAM-HF-048,Home Fragrance,339,409,104,Premium quality lobaan (olibanum) resin for burning on charcoal. Creates sacred atmosphere with sweet aroma.,Natural frankincense for burning,https://images.unsplash.com/photo-1604607053070-6ede2b4c6747?w=800&auto=format&fit=crop&q=80,152,ACTIVE,false
Camphor Diffuser Royal,RAM-HF-049,Home Fragrance,259,349,37,Ceramic electric camphor diffuser with adjustable heat for continuous sacred kapur fragrance in prayer room.,Electric camphor fragrance diffuser,https://images.unsplash.com/photo-1608571423902-eed4a5ad8108?w=800&auto=format&fit=crop&q=80,104,ACTIVE,false
Essential Oil Set for Puja Room Sacred,RAM-HF-050,Home Fragrance,1199,1359,17,"Set of pure essential oils — sandalwood, jasmine, rose, camphor — for diffuser and puja room fragrance.",Sacred essential oil collection,https://images.unsplash.com/photo-1590249350651-28a2c5aa0de3?w=800&auto=format&fit=crop&q=80,116,ACTIVE,false
Sambrani (Benzoin) Dhoop Cups Premium Count,RAM-HF-051,Home Fragrance,79,99,151,Pre-formed sambrani (benzoin resin) dhoop cups for instant burning. Popular South Indian temple fragrance.,Ready-to-burn cup dhoop,https://images.unsplash.com/photo-1604607053070-6ede2b4c6747?w=800&auto=format&fit=crop&q=80,113,ACTIVE,false
Naivedyam Rose Agarbatti Traditional Pack,RAM-HF-052,Home Fragrance,239,279,178,Premium long-burning rose-scented agarbatti for evening aarti and deity offering with lasting fragrance.,Rose-scented premium incense sticks,https://images.unsplash.com/photo-1608571423902-eed4a5ad8108?w=800&auto=format&fit=crop&q=80,35,ACTIVE,false
Cedar Wood Incense Holder Artisan,RAM-HF-053,Home Fragrance,159,189,49,Hand-carved cedar wood incense holder with ash catcher. Natural wood grain finish for rustic temple aesthetic.,Natural wood incense burner,https://images.unsplash.com/photo-1590249350651-28a2c5aa0de3?w=800&auto=format&fit=crop&q=80,66,ACTIVE,false
Havan Dhoop Cake Traditional Count,RAM-HF-054,Home Fragrance,369,409,32,Ready-to-burn circular havan dhoop cakes made from 51 herbs for quick home havan without full setup.,Pre-formed havan incense discs,https://images.unsplash.com/photo-1604607053070-6ede2b4c6747?w=800&auto=format&fit=crop&q=80,51,ACTIVE,false
Jasmine (Mogra) Agarbatti Premium Sacred,RAM-HF-055,Home Fragrance,229,269,172,Premium jasmine (mogra) scented agarbatti made from natural jasmine essential oil. Temple-grade quality.,Pure jasmine flower incense,https://images.unsplash.com/photo-1608571423902-eed4a5ad8108?w=800&auto=format&fit=crop&q=80,144,ACTIVE,false
Silver Plated Lakshmi Ganesh Gift Set Heritage,RAM-GI-001,Gift Items,2299,3039,45,Beautifully packaged silver-plated Lakshmi Ganesh murti pair with velvet gift box for Diwali gifting.,Auspicious festive gift set,https://images.unsplash.com/photo-1549465220-1a8b9238f760?w=800&auto=format&fit=crop&q=80,619,ACTIVE,true
Corporate Diwali Gift Box Deluxe,RAM-GI-002,Gift Items,1989,2309,30,"Elegant corporate Diwali gift box with dry fruits, murti, diya, agarbatti, and branded packaging.",Premium corporate festival hamper,https://images.unsplash.com/photo-1604607053070-6ede2b4c6747?w=800&auto=format&fit=crop&q=80,1980,ACTIVE,true
Housewarming Pooja Gift Set Artisan,RAM-GI-003,Gift Items,1409,1709,23,"Auspicious housewarming gift set with kalash, coconut, kumkum, akshat, sweets, and blessing card.",Griha pravesh celebration gift,https://images.unsplash.com/photo-1605649461121-e82138c51b7e?w=800&auto=format&fit=crop&q=80,934,ACTIVE,true
Baby Shower (Godh Bharai) Gift Kit Handcrafted,RAM-GI-004,Gift Items,1149,1379,15,"Traditional godh bharai gift set with bangles, coconut, saree, sweets, and auspicious items.",Traditional baby shower celebration gift,https://images.unsplash.com/photo-1549465220-1a8b9238f760?w=800&auto=format&fit=crop&q=80,1180,ACTIVE,false
Wedding Return Gift Box Classic,RAM-GI-005,Gift Items,699,909,44,"Beautiful wedding return gift box with miniature murti, agarbatti, sweets, and thank-you card.",Decorative shagun return favour,https://images.unsplash.com/photo-1604607053070-6ede2b4c6747?w=800&auto=format&fit=crop&q=80,184,ACTIVE,false
Spiritual Gift Hamper Handcrafted,RAM-GI-006,Gift Items,4579,5999,15,"Curated spiritual gift hamper with mala, essential oils, meditation book, incense, and premium asan.",Curated spiritual wellness basket,https://images.unsplash.com/photo-1605649461121-e82138c51b7e?w=800&auto=format&fit=crop&q=80,759,ACTIVE,false
Brass Photo Frame with Om Royal,RAM-GI-007,Gift Items,619,809,28,Ornate brass photo frame with Om motif for framing deity pictures and placing on puja altar.,Decorative brass deity frame,https://images.unsplash.com/photo-1549465220-1a8b9238f760?w=800&auto=format&fit=crop&q=80,409,ACTIVE,false
Crystal Globe Ganesha Gift Deluxe,RAM-GI-008,Gift Items,1069,1419,33,3D laser-etched crystal globe with Lord Ganesha image. LED base illumination for desktop display.,Crystal paperweight deity gift,https://images.unsplash.com/photo-1604607053070-6ede2b4c6747?w=800&auto=format&fit=crop&q=80,486,ACTIVE,false
Gold Plated Coin Set Premium,RAM-GI-009,Gift Items,2779,3759,15,"Set of 24K gold-plated coins featuring Lakshmi, Ganesh, and Om for gifting on festivals and occasions.",24K gold plated deity coins,https://images.unsplash.com/photo-1605649461121-e82138c51b7e?w=800&auto=format&fit=crop&q=80,44,ACTIVE,false
Silver Plated Lakshmi Ganesh Gift Set Traditional,RAM-GI-010,Gift Items,1799,2199,14,Beautifully packaged silver-plated Lakshmi Ganesh murti pair with velvet gift box for Diwali gifting.,Auspicious festive gift set,https://images.unsplash.com/photo-1549465220-1a8b9238f760?w=800&auto=format&fit=crop&q=80,787,ACTIVE,false
Corporate Diwali Gift Box Classic,RAM-GI-011,Gift Items,4969,5669,15,"Elegant corporate Diwali gift box with dry fruits, murti, diya, agarbatti, and branded packaging.",Premium corporate festival hamper,https://images.unsplash.com/photo-1604607053070-6ede2b4c6747?w=800&auto=format&fit=crop&q=80,1389,ACTIVE,false
Housewarming Pooja Gift Set Traditional,RAM-GI-012,Gift Items,2569,3239,13,"Auspicious housewarming gift set with kalash, coconut, kumkum, akshat, sweets, and blessing card.",Griha pravesh celebration gift,https://images.unsplash.com/photo-1605649461121-e82138c51b7e?w=800&auto=format&fit=crop&q=80,1072,ACTIVE,false
Baby Shower (Godh Bharai) Gift Kit Royal,RAM-GI-013,Gift Items,2699,3429,12,"Traditional godh bharai gift set with bangles, coconut, saree, sweets, and auspicious items.",Traditional baby shower celebration gift,https://images.unsplash.com/photo-1549465220-1a8b9238f760?w=800&auto=format&fit=crop&q=80,609,ACTIVE,false
Wedding Return Gift Box Traditional,RAM-GI-014,Gift Items,499,669,96,"Beautiful wedding return gift box with miniature murti, agarbatti, sweets, and thank-you card.",Decorative shagun return favour,https://images.unsplash.com/photo-1604607053070-6ede2b4c6747?w=800&auto=format&fit=crop&q=80,213,ACTIVE,false
Spiritual Gift Hamper Deluxe,RAM-GI-015,Gift Items,4599,6029,22,"Curated spiritual gift hamper with mala, essential oils, meditation book, incense, and premium asan.",Curated spiritual wellness basket,https://images.unsplash.com/photo-1605649461121-e82138c51b7e?w=800&auto=format&fit=crop&q=80,1713,ACTIVE,false
Brass Photo Frame with Om Handcrafted,RAM-GI-016,Gift Items,1849,2129,51,Ornate brass photo frame with Om motif for framing deity pictures and placing on puja altar.,Decorative brass deity frame,https://images.unsplash.com/photo-1549465220-1a8b9238f760?w=800&auto=format&fit=crop&q=80,573,ACTIVE,false
Crystal Globe Ganesha Gift Heritage,RAM-GI-017,Gift Items,1899,2419,44,3D laser-etched crystal globe with Lord Ganesha image. LED base illumination for desktop display.,Crystal paperweight deity gift,https://images.unsplash.com/photo-1604607053070-6ede2b4c6747?w=800&auto=format&fit=crop&q=80,379,ACTIVE,false
Gold Plated Coin Set Handcrafted,RAM-GI-018,Gift Items,1169,1349,17,"Set of 24K gold-plated coins featuring Lakshmi, Ganesh, and Om for gifting on festivals and occasions.",24K gold plated deity coins,https://images.unsplash.com/photo-1605649461121-e82138c51b7e?w=800&auto=format&fit=crop&q=80,60,ACTIVE,false
Silver Plated Lakshmi Ganesh Gift Set Royal,RAM-GI-019,Gift Items,4309,5349,11,Beautifully packaged silver-plated Lakshmi Ganesh murti pair with velvet gift box for Diwali gifting.,Auspicious festive gift set,https://images.unsplash.com/photo-1549465220-1a8b9238f760?w=800&auto=format&fit=crop&q=80,511,ACTIVE,false
Corporate Diwali Gift Box Premium,RAM-GI-020,Gift Items,3099,3749,10,"Elegant corporate Diwali gift box with dry fruits, murti, diya, agarbatti, and branded packaging.",Premium corporate festival hamper,https://images.unsplash.com/photo-1604607053070-6ede2b4c6747?w=800&auto=format&fit=crop&q=80,1070,ACTIVE,false
Housewarming Pooja Gift Set Classic,RAM-GI-021,Gift Items,1929,2339,26,"Auspicious housewarming gift set with kalash, coconut, kumkum, akshat, sweets, and blessing card.",Griha pravesh celebration gift,https://images.unsplash.com/photo-1605649461121-e82138c51b7e?w=800&auto=format&fit=crop&q=80,950,ACTIVE,false
Baby Shower (Godh Bharai) Gift Kit Classic,RAM-GI-022,Gift Items,1399,1779,37,"Traditional godh bharai gift set with bangles, coconut, saree, sweets, and auspicious items.",Traditional baby shower celebration gift,https://images.unsplash.com/photo-1549465220-1a8b9238f760?w=800&auto=format&fit=crop&q=80,552,ACTIVE,false
Wedding Return Gift Box Heritage,RAM-GI-023,Gift Items,989,1099,26,"Beautiful wedding return gift box with miniature murti, agarbatti, sweets, and thank-you card.",Decorative shagun return favour,https://images.unsplash.com/photo-1604607053070-6ede2b4c6747?w=800&auto=format&fit=crop&q=80,320,ACTIVE,false
Spiritual Gift Hamper Classic,RAM-GI-024,Gift Items,5769,6639,7,"Curated spiritual gift hamper with mala, essential oils, meditation book, incense, and premium asan.",Curated spiritual wellness basket,https://images.unsplash.com/photo-1605649461121-e82138c51b7e?w=800&auto=format&fit=crop&q=80,815,ACTIVE,false
Brass Photo Frame with Om Traditional,RAM-GI-025,Gift Items,1769,2059,56,Ornate brass photo frame with Om motif for framing deity pictures and placing on puja altar.,Decorative brass deity frame,https://images.unsplash.com/photo-1549465220-1a8b9238f760?w=800&auto=format&fit=crop&q=80,310,ACTIVE,false
Crystal Globe Ganesha Gift Royal,RAM-GI-026,Gift Items,759,999,44,3D laser-etched crystal globe with Lord Ganesha image. LED base illumination for desktop display.,Crystal paperweight deity gift,https://images.unsplash.com/photo-1604607053070-6ede2b4c6747?w=800&auto=format&fit=crop&q=80,483,ACTIVE,false
Gold Plated Coin Set Royal,RAM-GI-027,Gift Items,949,1219,21,"Set of 24K gold-plated coins featuring Lakshmi, Ganesh, and Om for gifting on festivals and occasions.",24K gold plated deity coins,https://images.unsplash.com/photo-1605649461121-e82138c51b7e?w=800&auto=format&fit=crop&q=80,46,ACTIVE,false
Silver Plated Lakshmi Ganesh Gift Set Handcrafted,RAM-GI-028,Gift Items,3509,4739,33,Beautifully packaged silver-plated Lakshmi Ganesh murti pair with velvet gift box for Diwali gifting.,Auspicious festive gift set,https://images.unsplash.com/photo-1549465220-1a8b9238f760?w=800&auto=format&fit=crop&q=80,417,ACTIVE,false
Corporate Diwali Gift Box Sacred,RAM-GI-029,Gift Items,3709,4979,27,"Elegant corporate Diwali gift box with dry fruits, murti, diya, agarbatti, and branded packaging.",Premium corporate festival hamper,https://images.unsplash.com/photo-1604607053070-6ede2b4c6747?w=800&auto=format&fit=crop&q=80,1746,ACTIVE,false
Housewarming Pooja Gift Set Temple Grade,RAM-GI-030,Gift Items,2839,3549,41,"Auspicious housewarming gift set with kalash, coconut, kumkum, akshat, sweets, and blessing card.",Griha pravesh celebration gift,https://images.unsplash.com/photo-1605649461121-e82138c51b7e?w=800&auto=format&fit=crop&q=80,875,ACTIVE,false
Baby Shower (Godh Bharai) Gift Kit Traditional,RAM-GI-031,Gift Items,1279,1629,36,"Traditional godh bharai gift set with bangles, coconut, saree, sweets, and auspicious items.",Traditional baby shower celebration gift,https://images.unsplash.com/photo-1549465220-1a8b9238f760?w=800&auto=format&fit=crop&q=80,515,ACTIVE,false
Wedding Return Gift Box Temple Grade,RAM-GI-032,Gift Items,479,579,58,"Beautiful wedding return gift box with miniature murti, agarbatti, sweets, and thank-you card.",Decorative shagun return favour,https://images.unsplash.com/photo-1604607053070-6ede2b4c6747?w=800&auto=format&fit=crop&q=80,261,ACTIVE,false
Spiritual Gift Hamper Royal,RAM-GI-033,Gift Items,4379,4819,22,"Curated spiritual gift hamper with mala, essential oils, meditation book, incense, and premium asan.",Curated spiritual wellness basket,https://images.unsplash.com/photo-1605649461121-e82138c51b7e?w=800&auto=format&fit=crop&q=80,693,ACTIVE,false
Brass Photo Frame with Om Classic,RAM-GI-034,Gift Items,529,679,49,Ornate brass photo frame with Om motif for framing deity pictures and placing on puja altar.,Decorative brass deity frame,https://images.unsplash.com/photo-1549465220-1a8b9238f760?w=800&auto=format&fit=crop&q=80,587,ACTIVE,false
Crystal Globe Ganesha Gift Handcrafted,RAM-GI-035,Gift Items,989,1319,42,3D laser-etched crystal globe with Lord Ganesha image. LED base illumination for desktop display.,Crystal paperweight deity gift,https://images.unsplash.com/photo-1604607053070-6ede2b4c6747?w=800&auto=format&fit=crop&q=80,469,ACTIVE,false
Gold Plated Coin Set Heritage,RAM-GI-036,Gift Items,2279,2649,42,"Set of 24K gold-plated coins featuring Lakshmi, Ganesh, and Om for gifting on festivals and occasions.",24K gold plated deity coins,https://images.unsplash.com/photo-1605649461121-e82138c51b7e?w=800&auto=format&fit=crop&q=80,21,ACTIVE,false
Silver Plated Lakshmi Ganesh Gift Set Temple Grade,RAM-GI-037,Gift Items,4779,5549,43,Beautifully packaged silver-plated Lakshmi Ganesh murti pair with velvet gift box for Diwali gifting.,Auspicious festive gift set,https://images.unsplash.com/photo-1549465220-1a8b9238f760?w=800&auto=format&fit=crop&q=80,765,ACTIVE,false
Corporate Diwali Gift Box Handcrafted,RAM-GI-038,Gift Items,4919,5859,13,"Elegant corporate Diwali gift box with dry fruits, murti, diya, agarbatti, and branded packaging.",Premium corporate festival hamper,https://images.unsplash.com/photo-1604607053070-6ede2b4c6747?w=800&auto=format&fit=crop&q=80,1369,ACTIVE,false
Housewarming Pooja Gift Set Royal,RAM-GI-039,Gift Items,539,639,22,"Auspicious housewarming gift set with kalash, coconut, kumkum, akshat, sweets, and blessing card.",Griha pravesh celebration gift,https://images.unsplash.com/photo-1605649461121-e82138c51b7e?w=800&auto=format&fit=crop&q=80,539,ACTIVE,false
Baby Shower (Godh Bharai) Gift Kit Premium,RAM-GI-040,Gift Items,2949,3399,37,"Traditional godh bharai gift set with bangles, coconut, saree, sweets, and auspicious items.",Traditional baby shower celebration gift,https://images.unsplash.com/photo-1549465220-1a8b9238f760?w=800&auto=format&fit=crop&q=80,1272,ACTIVE,false
Wedding Return Gift Box Artisan,RAM-GI-041,Gift Items,659,769,52,"Beautiful wedding return gift box with miniature murti, agarbatti, sweets, and thank-you card.",Decorative shagun return favour,https://images.unsplash.com/photo-1604607053070-6ede2b4c6747?w=800&auto=format&fit=crop&q=80,243,ACTIVE,false
Spiritual Gift Hamper Traditional,RAM-GI-042,Gift Items,6499,8259,13,"Curated spiritual gift hamper with mala, essential oils, meditation book, incense, and premium asan.",Curated spiritual wellness basket,https://images.unsplash.com/photo-1605649461121-e82138c51b7e?w=800&auto=format&fit=crop&q=80,598,ACTIVE,false
Brass Photo Frame with Om Temple Grade,RAM-GI-043,Gift Items,1109,1299,44,Ornate brass photo frame with Om motif for framing deity pictures and placing on puja altar.,Decorative brass deity frame,https://images.unsplash.com/photo-1549465220-1a8b9238f760?w=800&auto=format&fit=crop&q=80,246,ACTIVE,false
Crystal Globe Ganesha Gift Traditional,RAM-GI-044,Gift Items,1699,2129,23,3D laser-etched crystal globe with Lord Ganesha image. LED base illumination for desktop display.,Crystal paperweight deity gift,https://images.unsplash.com/photo-1604607053070-6ede2b4c6747?w=800&auto=format&fit=crop&q=80,434,ACTIVE,false
Gold Plated Coin Set Sacred,RAM-GI-045,Gift Items,2809,3149,36,"Set of 24K gold-plated coins featuring Lakshmi, Ganesh, and Om for gifting on festivals and occasions.",24K gold plated deity coins,https://images.unsplash.com/photo-1605649461121-e82138c51b7e?w=800&auto=format&fit=crop&q=80,37,ACTIVE,false